iid,i_year,i_Action,i_Adventure,i_Animation,i_Children's,i_Comedy,i_Crime,i_Documentary ,i_Drama ,i_Fantasy ,i_Film-Noir ,i_Horror ,i_Musical ,i_Mystery ,i_Romance ,i_Sci-Fi ,i_Thriller ,i_War ,i_Western,i_Other,i_Actor,i_Director
1,5,0,0,0,1,1,1,0,0,0,0,0,0,0,0,0,0,0,0,0,0,1118
2,5,0,1,1,0,0,0,0,0,0,0,0,0,0,0,0,0,1,0,0,4,1
3,5,0,0,0,0,0,0,0,0,0,0,0,0,0,0,0,0,1,0,0,9,2
4,5,0,1,0,0,0,1,0,0,1,0,0,0,0,0,0,0,0,0,0,12,6
5,5,0,0,0,0,0,0,1,0,1,0,0,0,0,0,0,0,1,0,0,16,7
6,5,0,0,0,0,0,0,0,0,1,0,0,0,0,0,0,0,0,0,0,20,8
7,5,0,0,0,0,0,0,0,0,1,0,0,0,0,0,0,1,0,0,0,24,9
8,5,0,0,0,0,1,1,0,0,1,0,0,0,0,0,0,0,0,0,0,3556,1118
9,5,0,0,0,0,0,0,0,0,1,0,0,0,0,0,0,0,0,0,0,32,11
10,6,0,0,0,0,0,0,0,0,1,0,0,0,0,0,0,0,0,1,0,37,12
11,5,0,0,0,0,0,0,1,0,0,0,0,0,0,0,0,0,1,0,0,40,13
12,5,0,0,0,0,0,0,1,0,0,0,0,0,0,0,0,0,1,0,0,41,14
13,5,0,0,0,0,0,1,0,0,0,0,0,0,0,0,0,0,0,0,0,46,15
14,4,0,0,0,0,0,0,0,0,1,0,0,0,0,0,1,0,0,0,0,51,17
15,6,0,0,0,0,0,0,0,0,1,0,0,0,0,0,0,0,0,0,0,54,18
16,5,0,0,0,0,0,1,0,0,0,0,0,0,0,0,1,0,0,0,0,58,1118
17,6,0,1,0,0,0,1,1,0,0,0,0,1,0,0,0,0,1,0,0,62,3
18,5,0,0,0,0,0,0,0,0,1,0,0,0,0,0,0,0,0,0,0,3556,1118
19,5,0,0,0,0,0,0,0,0,1,0,0,0,0,0,0,0,0,0,0,71,21
20,5,0,0,0,0,0,0,0,0,1,0,0,0,0,0,1,0,0,0,0,75,1118
21,6,0,1,1,0,0,1,0,0,0,0,0,0,1,0,0,0,1,0,0,78,1118
22,6,0,1,0,0,0,0,0,0,1,0,0,0,0,0,0,0,0,1,0,82,25
23,6,0,0,0,0,0,0,0,0,1,0,0,0,0,0,0,0,1,0,0,86,26
24,6,0,1,1,0,0,0,1,0,0,0,0,0,0,0,0,0,0,0,0,90,27
25,6,0,0,0,0,0,1,0,0,0,0,0,0,0,0,0,0,0,0,0,12,28
26,5,0,0,0,0,0,1,0,0,0,0,0,0,0,0,0,0,0,0,0,98,29
27,5,0,1,0,0,0,0,0,0,0,0,0,0,0,0,0,0,0,0,0,101,30
28,5,0,1,0,0,0,0,0,0,1,0,0,0,0,0,0,0,1,0,0,106,31
29,5,0,1,1,0,0,1,1,0,0,0,0,0,0,0,0,0,0,0,0,108,32
30,1,0,0,0,0,0,0,0,0,1,0,0,0,0,0,0,0,0,0,0,112,33
31,5,0,0,0,0,0,0,0,0,1,0,0,0,0,0,0,0,1,1,0,12,34
32,4,0,0,0,0,0,0,0,1,0,0,0,0,0,0,0,0,0,0,0,3556,1118
33,5,0,1,0,0,0,0,0,0,0,0,0,0,0,0,1,0,1,0,0,9,3
34,5,0,0,0,0,0,1,0,0,1,0,0,0,0,0,0,0,0,0,0,124,36
35,5,0,0,1,0,1,0,0,0,1,0,0,0,0,0,0,0,0,0,0,127,37
36,5,0,0,0,0,0,0,0,0,1,0,0,0,0,0,1,0,0,0,0,130,38
37,4,0,0,0,0,0,0,0,0,1,0,0,0,0,0,0,0,0,0,0,135,1118
38,5,0,0,0,0,0,0,0,0,0,0,0,0,0,0,0,1,1,0,0,138,1118
39,5,0,1,0,0,0,0,1,0,0,0,0,0,0,0,0,1,0,0,0,64,1118
40,5,0,0,0,0,0,1,0,0,0,0,0,0,0,0,0,0,0,0,0,147,42
41,5,0,0,0,0,0,1,0,0,0,0,0,0,0,0,0,0,0,0,0,149,43
42,4,0,0,0,0,0,1,0,0,0,0,0,0,0,0,0,0,0,0,0,3556,44
43,4,0,0,0,0,0,0,0,0,1,0,0,0,0,0,0,0,1,0,0,158,45
44,4,0,0,0,0,0,0,0,0,1,0,0,0,0,0,0,0,1,0,0,161,46
45,4,0,0,0,0,0,1,0,0,1,0,0,0,0,0,0,0,0,0,0,165,47
46,4,0,0,0,0,0,0,0,0,1,0,0,0,0,0,0,0,0,0,0,172,48
47,4,0,0,0,0,0,1,0,0,1,0,0,0,0,0,0,0,0,0,0,173,49
48,4,0,0,0,0,0,0,0,1,0,0,0,0,0,0,0,0,0,0,0,3556,50
49,4,0,0,0,0,0,1,0,0,0,0,0,0,0,0,1,0,0,0,0,178,51
50,1,0,1,1,0,0,0,0,0,0,0,0,0,0,0,1,1,0,1,0,3556,1118
51,4,0,0,0,0,0,0,0,0,1,0,0,0,0,0,1,0,0,1,1,181,52
52,4,0,0,0,0,0,0,0,0,1,0,0,0,0,0,0,0,0,0,0,185,53
53,4,0,1,0,0,0,0,0,0,0,0,0,0,0,0,0,0,1,0,0,188,54
54,5,0,1,0,0,0,0,0,0,1,0,0,0,0,0,0,0,1,0,0,40,55
55,4,0,0,0,0,0,0,1,0,1,0,0,0,0,0,1,0,1,0,0,192,56
56,4,0,0,0,0,0,0,1,0,1,0,0,0,0,0,0,0,0,0,0,196,2
57,4,0,0,0,0,0,0,0,0,1,0,0,0,0,0,0,0,0,0,0,198,38
58,4,0,0,0,0,0,0,0,0,1,0,0,0,0,0,0,0,0,0,0,201,57
59,4,0,0,0,0,0,0,0,0,1,0,0,0,0,0,0,0,0,0,0,3556,1118
60,3,0,0,0,0,0,0,0,0,1,0,0,0,0,0,0,0,0,0,0,3556,1118
61,4,0,0,0,0,0,0,0,0,1,0,0,0,0,0,0,0,0,0,0,3556,1118
62,4,0,1,1,0,0,0,0,0,0,0,0,0,0,0,0,1,0,0,0,204,58
63,4,0,0,0,0,1,1,0,0,0,0,0,0,0,0,0,0,0,0,0,1,59
64,4,0,0,0,0,0,0,0,0,1,0,0,0,0,0,0,0,0,0,0,40,1118
65,3,0,0,0,0,0,1,0,0,1,0,0,0,0,0,0,0,0,0,0,173,61
66,5,0,0,0,0,0,1,0,0,0,0,0,0,0,0,1,0,0,0,0,138,62
67,4,0,0,0,0,0,1,0,0,0,0,0,0,0,0,0,0,0,0,0,110,63
68,4,0,1,0,0,0,0,0,0,0,0,0,0,0,0,1,0,1,0,0,224,64
69,4,0,0,0,0,0,1,0,0,0,0,0,0,0,0,1,0,0,1,0,0,65
70,4,0,0,0,0,0,1,0,0,0,0,0,0,0,0,1,0,0,0,0,228,66
71,4,0,0,0,1,1,0,0,0,0,0,0,0,1,0,0,0,0,0,0,234,1118
72,4,0,0,0,0,0,1,1,0,0,1,0,0,0,0,0,0,0,0,0,110,69
73,4,0,1,0,0,0,1,0,0,0,0,0,0,0,0,0,0,0,0,1,82,70
74,1,0,1,0,0,0,1,0,0,1,0,0,0,0,0,0,0,0,0,0,3556,1118
75,4,0,0,0,0,0,0,0,1,0,0,0,0,0,0,0,0,0,0,0,3556,1118
76,3,0,0,0,0,0,0,1,0,1,0,0,0,0,0,0,0,0,0,0,245,74
77,3,0,0,0,0,0,0,0,0,1,0,0,0,0,0,0,0,1,0,0,12,75
78,3,0,0,1,0,1,0,0,0,1,0,0,0,0,0,0,0,0,0,0,127,76
79,3,0,1,0,0,0,0,0,0,0,0,0,0,0,0,0,0,1,0,0,252,77
80,3,0,1,0,0,0,1,0,0,0,0,0,0,0,0,0,0,0,1,0,255,1118
81,4,0,0,0,0,0,1,0,0,0,0,0,0,0,0,1,0,0,0,0,162,79
82,3,0,1,1,0,0,0,0,0,0,0,0,0,0,0,0,1,0,0,0,261,81
83,3,0,0,0,0,0,1,0,0,0,0,0,0,0,0,1,0,0,0,0,267,82
84,4,0,0,0,0,0,0,0,0,0,0,0,1,0,0,0,1,0,0,0,159,1118
85,4,0,0,0,0,0,1,0,0,0,0,0,0,0,0,0,0,0,0,0,41,84
86,3,0,0,0,0,0,0,0,0,1,0,0,0,0,0,0,0,0,0,0,181,85
87,3,0,0,0,0,0,0,0,0,1,0,0,0,0,0,0,0,0,0,0,278,1118
88,3,0,0,0,0,0,1,0,0,0,0,0,0,0,0,1,0,0,0,0,178,87
89,1,0,0,0,0,0,0,0,0,0,0,1,0,0,0,0,1,0,0,0,252,88
90,3,0,0,0,0,0,1,0,0,0,0,0,0,0,0,1,0,1,0,0,287,89
91,3,0,0,0,0,1,1,0,0,0,0,0,0,1,0,0,0,0,0,0,291,90
92,3,0,1,0,0,0,0,1,0,0,0,0,0,0,0,1,0,0,0,0,108,34
93,6,0,0,0,0,0,1,0,0,1,0,0,0,0,0,0,0,0,0,0,298,1118
94,2,0,0,0,0,1,1,0,0,0,0,0,0,0,0,0,0,0,0,0,300,92
95,2,0,0,0,1,1,1,0,0,0,0,0,0,1,0,0,0,0,0,0,94,93
96,2,0,1,0,0,0,0,0,0,0,0,0,0,0,0,0,1,1,0,0,306,95
97,2,0,0,1,0,0,0,0,0,1,0,0,0,0,0,0,0,0,0,1,310,96
98,2,0,0,0,0,0,0,0,0,1,0,0,0,0,0,0,0,1,0,0,181,97
99,1,0,0,0,1,1,0,0,0,0,0,0,0,1,0,0,0,0,0,0,3556,99
100,7,0,0,0,0,0,0,1,0,1,0,0,0,0,0,0,0,1,0,0,321,79
101,1,0,1,1,1,0,0,0,0,0,0,0,1,0,0,0,1,0,0,0,324,104
102,1,0,0,0,1,1,0,0,0,0,0,0,0,0,0,0,0,0,0,0,329,114
103,6,0,0,0,1,1,0,0,0,0,0,0,0,1,0,0,0,0,0,0,255,104
104,6,0,0,0,0,0,1,0,0,0,0,0,0,0,0,0,0,0,0,0,234,1118
105,6,0,0,0,0,0,1,0,0,0,0,0,0,0,0,0,0,0,0,0,338,117
106,6,0,0,0,0,0,0,0,0,1,0,0,0,0,0,0,0,1,0,0,340,118
107,6,0,0,0,0,0,0,0,0,1,0,0,0,0,0,0,0,0,0,0,40,1118
108,6,0,0,0,0,0,1,0,0,0,0,0,0,0,0,0,0,0,0,0,3556,120
109,6,0,0,0,0,0,1,0,0,0,0,0,0,0,0,0,1,0,0,0,3556,1118
110,5,0,1,1,0,0,1,0,0,0,0,0,0,0,0,0,0,0,1,0,352,76
111,6,0,0,0,0,0,1,0,0,0,0,0,0,0,0,1,0,0,0,0,195,122
112,6,0,0,1,0,1,0,0,0,0,0,0,0,0,0,0,0,0,0,0,358,1118
113,6,0,0,0,0,0,0,0,0,1,0,0,0,0,0,0,0,0,0,0,362,124
114,6,0,0,0,1,0,0,0,0,0,0,0,0,0,0,0,0,0,0,0,3556,125
115,6,0,0,0,0,0,0,0,1,0,0,0,0,0,0,0,0,0,0,0,3556,1118
116,6,0,0,0,0,0,1,0,0,0,0,0,0,0,0,0,0,0,0,0,268,127
117,6,0,1,1,0,0,0,0,0,0,0,0,0,0,0,0,0,1,0,0,368,30
118,6,0,1,1,0,0,0,0,0,0,0,0,0,0,0,0,0,1,0,0,105,128
119,4,0,0,0,0,0,0,0,1,0,0,0,0,0,0,0,0,0,0,0,3556,1118
120,6,0,0,0,0,0,1,1,0,0,0,0,0,0,0,0,0,0,0,0,158,130
121,6,0,1,0,0,0,0,0,0,0,0,0,0,0,0,0,1,0,1,0,215,58
122,6,0,0,0,0,0,1,0,0,0,0,0,0,0,0,0,0,0,0,0,110,131
123,6,0,0,0,0,0,1,0,0,0,0,0,1,0,0,0,0,0,0,0,380,132
124,6,0,0,0,0,0,0,0,0,1,0,0,0,0,1,0,0,0,0,0,384,133
125,6,0,0,0,0,0,0,0,0,1,0,0,0,0,0,1,0,0,0,0,15,62
126,6,0,0,0,0,0,0,0,0,1,0,0,0,0,0,0,0,0,0,0,393,1118
127,1,0,1,0,0,0,0,1,0,1,0,0,0,0,0,0,0,0,0,0,245,135
128,6,0,1,0,0,0,0,0,0,0,0,0,0,0,0,0,0,1,0,0,398,27
129,6,0,0,0,0,0,0,1,0,1,0,0,0,0,0,1,0,1,0,0,401,1118
130,6,0,0,0,0,0,0,1,0,0,0,0,0,0,0,0,0,0,0,0,162,138
131,1,0,0,0,0,0,0,0,0,1,0,0,0,0,0,1,0,0,0,0,408,139
132,1,0,0,1,0,1,0,0,0,1,0,0,0,1,0,0,0,0,0,0,412,141
133,1,0,0,0,0,0,0,0,0,1,0,0,0,0,0,1,0,0,1,0,418,141
134,1,0,0,0,0,0,0,0,0,1,0,0,0,0,0,0,0,0,0,0,420,146
135,1,0,0,0,0,0,0,0,0,1,0,0,0,0,1,0,1,1,0,0,3556,147
136,1,0,0,0,0,0,0,0,0,1,0,0,0,0,0,0,0,0,0,0,430,148
137,6,0,0,0,0,0,0,0,0,1,0,0,0,0,0,0,0,0,0,0,433,1118
138,6,0,0,0,0,1,1,0,0,0,0,0,0,0,0,0,0,0,0,0,436,1118
139,1,0,0,0,0,1,1,0,0,0,0,0,0,0,0,0,0,0,0,0,440,152
140,3,0,0,1,0,1,0,0,0,0,0,0,0,0,0,0,0,0,0,0,380,1118
141,1,0,0,1,0,1,0,0,0,0,1,0,0,0,0,0,1,0,0,0,449,154
142,1,0,0,1,0,1,0,0,0,0,0,0,0,1,0,0,0,0,0,0,442,152
143,1,0,0,0,0,0,0,0,0,0,0,0,0,1,0,0,0,0,0,0,163,155
144,1,0,1,0,0,0,0,0,0,0,0,0,0,0,0,0,0,1,0,0,24,156
145,2,0,1,0,0,0,0,0,0,0,0,0,0,0,0,0,1,1,0,0,4,157
146,6,0,0,0,0,0,0,0,0,1,0,0,0,0,0,0,0,0,0,0,464,158
147,6,0,1,0,0,0,0,0,0,0,0,0,0,0,0,0,0,1,0,0,196,159
148,6,0,1,1,0,0,0,0,0,0,0,0,0,0,0,0,0,0,0,0,108,160
149,6,0,0,0,0,0,0,0,0,1,0,0,0,0,0,0,0,0,0,0,471,161
150,6,0,0,0,0,0,1,0,0,1,0,0,0,0,0,0,0,0,0,0,474,1118
151,1,0,0,1,0,1,1,0,0,0,0,0,0,0,0,0,0,0,0,0,478,1118
152,1,0,0,0,0,0,1,0,0,0,0,0,0,0,0,0,1,0,0,0,397,15
153,1,0,0,0,0,0,1,0,0,0,0,0,0,0,0,0,0,0,0,0,486,1118
154,1,0,0,0,0,0,1,0,0,0,0,0,0,0,0,0,0,0,0,0,484,166
155,1,0,0,0,0,0,0,0,0,0,0,0,0,1,0,1,0,0,0,0,146,1118
156,2,0,0,0,0,0,0,1,0,0,0,0,0,0,0,0,0,1,0,0,62,2
157,1,0,0,0,0,0,0,0,0,1,0,0,0,0,0,0,0,0,1,0,255,54
158,1,0,0,0,0,0,1,0,0,0,0,0,0,0,0,0,0,0,0,0,496,1118
159,2,0,0,0,0,0,0,0,0,0,0,0,0,0,1,0,0,1,0,0,340,169
160,2,0,0,0,0,0,0,0,0,1,0,0,0,0,0,0,0,0,0,0,501,170
161,1,0,1,0,0,0,0,0,0,0,0,0,0,0,0,1,0,0,0,0,108,34
162,1,0,0,0,0,0,0,0,0,1,0,0,0,0,0,0,0,0,0,0,504,1118
163,1,0,0,0,0,0,1,0,0,0,0,0,0,0,0,0,0,0,0,0,163,139
164,1,0,1,1,0,0,0,0,0,0,0,0,0,0,0,0,1,1,0,0,370,95
165,1,0,0,0,0,0,0,0,0,1,0,0,0,0,0,0,0,0,0,0,464,172
166,1,0,0,0,0,0,0,0,0,1,0,0,0,0,0,0,0,0,0,0,515,172
167,1,0,0,0,0,0,1,0,0,0,0,0,0,0,0,0,0,0,0,0,376,1118
168,1,0,0,0,0,0,1,0,0,0,0,0,0,0,0,0,0,0,0,0,484,9
169,3,0,0,0,1,0,1,0,0,0,0,0,0,0,0,0,0,0,0,0,523,125
170,1,0,0,0,0,0,1,0,0,1,0,0,0,0,0,1,0,0,0,0,51,174
171,2,0,0,0,0,0,1,0,0,0,0,0,0,0,0,0,1,0,0,0,529,175
172,1,0,1,1,0,0,0,0,0,1,0,0,0,0,0,1,1,0,1,0,252,1118
173,1,0,1,1,0,0,1,0,0,0,0,0,0,0,0,1,0,0,0,0,373,178
174,1,0,1,1,0,0,0,0,0,0,0,0,0,0,0,0,0,0,0,0,252,81
175,1,0,0,0,0,0,0,0,0,0,0,0,0,0,0,0,1,0,0,0,86,9
176,1,0,1,0,0,0,0,0,0,0,0,0,0,0,0,0,1,1,1,0,16,95
177,1,0,1,0,0,0,0,0,0,0,0,0,0,0,0,0,0,0,0,1,3556,1118
178,1,0,0,0,0,0,0,0,0,1,0,0,0,0,0,0,0,0,0,0,505,179
179,1,0,0,0,0,0,0,0,0,0,0,0,0,0,0,0,1,0,0,0,547,147
180,1,0,0,0,0,0,0,0,0,1,0,0,0,0,0,0,0,0,1,0,390,135
181,7,0,1,1,0,0,0,0,0,0,0,0,0,0,0,1,1,0,1,0,252,1118
182,2,0,0,0,0,0,0,1,0,1,0,0,0,0,0,0,0,0,0,0,86,26
183,1,0,1,0,0,0,0,0,0,0,0,0,1,0,0,0,1,1,0,0,16,88
184,3,0,1,1,0,0,1,0,0,0,0,0,1,0,0,0,1,0,0,0,558,181
185,1,0,0,0,0,0,0,0,0,0,0,0,1,0,0,1,0,1,0,0,562,182
186,1,0,1,0,0,0,1,0,0,0,0,0,0,1,0,0,0,0,0,0,338,183
187,1,0,1,0,0,0,0,1,0,1,0,0,0,0,0,0,0,0,0,0,86,135
188,1,0,1,0,0,0,0,0,0,1,0,0,0,0,0,0,0,0,1,0,569,147
189,2,0,0,0,1,0,1,0,0,0,0,0,0,0,0,0,0,0,0,0,3556,1118
190,1,0,0,0,0,0,0,0,0,1,0,0,0,0,0,0,0,0,1,0,265,82
191,1,0,0,0,0,0,0,0,0,1,0,0,0,0,1,0,0,0,0,0,575,184
192,1,0,0,0,0,0,0,0,0,1,0,0,0,0,0,0,0,0,0,0,86,26
193,1,0,0,0,0,0,0,0,0,1,0,0,0,0,0,0,0,0,0,0,370,185
194,1,0,0,0,0,0,1,1,0,0,0,0,0,0,0,0,0,0,0,0,259,186
195,1,0,1,0,0,0,0,0,0,0,0,0,0,0,0,0,1,1,0,0,306,95
196,1,0,0,0,0,0,0,0,0,1,0,0,0,0,0,0,0,0,0,0,94,187
197,1,0,0,0,0,0,0,0,0,1,0,0,0,0,0,1,0,0,0,0,589,28
198,2,0,0,0,0,0,0,0,0,0,0,0,0,0,0,0,0,1,0,0,592,56
199,1,0,0,0,0,0,0,0,0,1,0,0,0,0,0,0,0,0,1,0,596,188
200,1,0,0,0,0,0,0,0,0,0,0,0,1,0,0,0,0,0,0,0,600,147
201,1,0,1,1,0,0,1,0,0,0,0,0,1,0,0,0,0,0,0,0,557,181
202,3,0,0,0,0,0,1,0,0,0,0,0,0,0,0,1,0,0,0,0,228,189
203,2,0,0,0,0,0,0,0,0,0,0,0,0,0,0,0,0,0,0,1,12,190
204,1,0,0,0,0,0,1,0,0,0,0,0,0,0,0,0,1,0,0,0,380,65
205,1,0,0,0,0,0,0,0,0,1,0,0,0,0,0,0,0,0,1,0,614,1118
206,1,0,0,1,1,0,0,0,0,0,0,0,0,0,0,0,1,1,0,0,3556,1118
207,2,0,1,0,0,0,0,0,0,1,0,0,0,0,0,1,0,0,0,0,464,124
208,1,0,0,0,0,0,1,0,0,0,0,0,1,0,0,0,0,0,0,0,217,193
209,1,0,0,0,0,0,1,0,0,1,0,0,0,1,0,0,0,0,0,0,629,178
210,1,0,1,1,0,0,0,0,0,0,0,0,0,0,0,0,0,0,0,0,252,81
211,1,0,0,0,0,0,1,0,0,0,0,0,0,0,0,0,0,0,1,0,159,138
212,1,0,0,0,0,0,0,0,0,1,0,0,0,0,0,0,0,0,0,0,635,185
213,1,0,0,0,0,0,0,0,0,1,0,0,0,0,0,1,0,0,0,0,639,85
214,1,0,0,0,0,0,0,0,0,1,0,0,0,1,0,0,0,0,1,0,3556,194
215,1,0,0,0,0,0,0,0,0,1,0,0,0,0,0,0,0,0,0,0,310,195
216,1,0,0,0,0,0,1,0,0,0,0,0,0,0,0,1,0,0,0,0,178,178
217,2,0,0,0,0,0,0,0,0,0,0,0,1,0,0,1,0,0,0,0,181,135
218,2,0,0,0,0,0,0,0,0,0,0,0,0,0,0,0,0,1,0,0,86,26
219,1,0,0,0,0,0,0,0,0,0,0,0,1,0,0,0,0,0,0,0,173,196
220,6,0,0,0,0,0,1,0,0,0,0,0,0,0,0,1,0,0,0,0,655,1118
221,6,0,0,0,0,0,0,0,0,1,0,0,0,0,0,0,0,0,0,0,660,1118
222,6,0,1,1,0,0,0,0,0,0,0,0,0,0,0,0,1,0,0,0,662,1118
223,6,0,0,0,0,0,0,0,0,1,0,0,0,0,0,0,0,1,0,0,668,1118
224,6,0,0,0,0,0,0,0,0,1,0,0,0,0,0,0,0,0,0,0,672,1118
225,6,0,0,0,0,1,1,0,0,0,0,0,0,0,0,0,0,0,0,0,674,18
226,2,0,1,0,0,0,0,0,0,0,0,0,0,0,0,0,0,1,0,0,24,159
227,2,0,1,1,0,0,0,0,0,0,0,0,0,0,0,0,1,0,0,0,679,202
228,1,0,1,1,0,0,0,0,0,0,0,0,0,0,0,0,1,0,0,0,679,202
229,1,0,1,1,0,0,0,0,0,0,0,0,0,0,0,0,1,0,0,0,679,203
230,1,0,1,1,0,0,0,0,0,0,0,0,0,0,0,0,1,0,0,0,679,203
231,2,0,1,1,0,0,1,1,0,0,0,0,0,0,0,0,0,0,0,0,685,49
232,1,0,1,0,0,0,1,0,0,0,0,0,0,0,0,0,0,0,0,1,255,204
233,2,0,1,0,0,0,0,0,0,0,0,0,0,0,0,0,0,0,0,0,109,77
234,1,0,1,0,0,0,0,0,0,0,0,0,1,0,0,0,0,0,0,0,54,81
235,6,0,1,0,0,0,1,0,0,0,0,0,0,0,0,0,1,0,1,0,600,49
236,6,0,0,0,0,0,1,0,0,1,0,0,0,0,0,0,0,0,0,0,262,1118
237,6,0,0,0,0,0,0,0,0,1,0,0,0,0,0,1,0,0,0,0,247,1118
238,1,0,0,0,0,0,1,0,0,0,0,0,0,0,0,0,0,0,0,0,369,79
239,2,0,0,0,0,0,0,1,0,1,0,0,0,0,0,0,1,0,0,0,338,195
240,6,0,0,0,1,0,1,0,0,0,0,0,0,0,0,0,0,0,0,0,24,1118
241,2,0,1,0,0,0,0,0,0,0,0,0,0,0,0,1,0,0,1,0,635,211
242,7,0,0,0,0,0,1,0,0,0,0,0,0,0,0,0,0,0,0,0,3556,1118
243,7,0,0,0,0,1,1,0,0,0,0,0,0,0,0,0,0,0,0,0,1,59
244,7,0,1,0,0,0,0,0,0,1,0,0,0,0,0,0,0,1,0,0,183,213
245,7,0,1,0,0,0,0,0,0,1,0,0,0,0,0,0,0,1,1,0,252,214
246,7,0,0,0,0,0,0,0,0,1,0,0,0,0,0,1,0,0,0,0,719,44
247,7,0,1,1,0,1,0,0,0,0,0,0,0,0,0,0,0,0,0,0,723,1118
248,7,0,0,0,0,0,1,1,0,0,0,0,0,0,0,0,0,0,0,0,338,1118
249,7,0,0,0,0,0,1,0,0,0,0,0,0,0,0,0,0,0,0,0,732,1118
250,7,0,1,0,0,0,0,0,0,0,0,0,0,0,0,0,1,0,0,0,24,56
251,7,0,0,0,0,0,1,0,0,0,0,0,0,0,0,0,0,0,0,0,3556,1118
252,7,0,1,1,0,0,0,0,0,0,0,0,0,0,0,0,1,1,0,0,254,81
253,7,0,0,0,0,0,0,0,0,1,0,0,0,0,0,1,0,0,0,0,737,219
254,7,0,1,1,0,0,0,1,0,0,0,0,0,0,0,0,0,0,0,0,306,32
255,7,0,0,0,0,0,1,0,0,0,0,0,0,0,0,1,0,0,0,0,740,220
256,7,0,0,0,0,0,1,0,0,0,0,0,0,0,0,1,0,0,0,0,3556,1118
257,7,0,1,1,0,0,1,0,0,0,0,0,0,0,0,0,1,0,0,0,109,6
258,7,0,0,0,0,0,0,0,0,1,0,0,0,0,0,0,1,0,0,0,747,65
259,7,0,0,0,0,1,1,0,0,0,0,0,0,0,0,0,0,0,0,0,748,222
260,7,0,1,0,0,0,0,0,0,0,0,0,0,0,1,0,1,1,0,0,261,223
261,7,0,0,0,0,1,1,0,0,0,0,0,0,0,0,0,0,0,0,0,753,1118
262,7,0,0,0,0,0,0,0,0,1,0,0,0,0,0,0,0,0,0,0,3556,1118
263,7,0,1,0,0,0,0,0,0,0,0,0,0,0,0,0,0,0,0,0,762,1118
264,7,0,0,0,0,0,0,0,0,0,0,0,0,0,0,0,1,1,0,0,47,227
265,2,0,1,0,0,0,0,0,0,0,0,0,0,0,0,0,0,1,0,0,261,156
266,7,0,1,1,0,0,0,0,0,0,0,0,0,0,0,0,0,0,0,0,767,228
267,0,1,0,0,0,0,0,0,0,0,0,0,0,0,0,0,0,0,0,0,3556,1118
268,7,0,0,0,0,0,0,0,0,1,0,0,0,0,0,1,0,0,0,0,719,44
269,7,0,0,0,0,0,1,0,0,0,0,0,0,0,0,0,0,0,0,0,198,1118
270,7,0,0,0,0,0,0,0,0,1,0,0,0,0,0,0,1,1,0,0,587,1118
271,7,0,1,1,0,0,0,0,0,0,0,0,0,0,0,0,1,0,1,0,776,169
272,7,0,0,0,0,0,0,0,0,1,0,0,0,0,0,0,0,0,0,0,94,231
273,5,0,1,0,0,0,0,1,0,0,0,0,0,0,0,0,0,1,0,0,86,211
274,5,0,0,0,0,0,1,0,0,0,0,0,0,0,0,1,0,0,0,0,252,75
275,5,0,0,0,0,0,0,0,0,1,0,0,0,0,0,1,0,0,0,0,266,47
276,5,0,0,0,0,0,0,0,0,1,0,0,0,0,0,1,0,0,0,0,369,232
277,5,0,0,0,0,0,0,0,0,1,0,0,0,0,0,0,0,0,0,0,261,233
278,6,0,0,0,0,0,0,0,0,1,0,0,0,0,0,1,0,0,0,0,293,1118
279,5,0,0,0,0,0,0,0,0,1,0,0,0,0,0,0,0,0,0,0,792,1118
280,6,0,0,0,0,0,0,0,0,1,0,0,0,0,0,1,0,0,0,0,684,236
281,4,0,1,0,0,0,0,0,0,0,0,0,0,0,0,0,0,1,0,0,106,237
282,6,0,0,0,0,0,0,0,0,1,0,0,0,0,0,0,0,0,0,0,196,32
283,6,0,0,0,0,0,0,0,0,1,0,0,0,0,0,1,0,0,0,0,797,1118
284,6,0,0,0,0,0,1,0,0,0,0,0,0,0,0,1,0,0,0,0,310,239
285,6,0,0,0,0,0,0,0,0,1,0,0,0,0,0,0,0,0,0,0,3556,240
286,6,0,0,0,0,0,0,0,0,1,0,0,0,0,0,1,0,0,1,0,75,241
287,6,0,0,0,0,0,0,0,0,1,0,0,0,0,0,0,0,0,0,0,86,1118
288,6,0,0,0,0,0,0,0,0,0,0,0,1,0,0,0,0,1,0,0,806,196
289,6,0,0,0,0,0,0,0,0,1,0,0,0,1,0,0,0,0,0,0,9,194
290,7,0,0,0,0,0,1,0,0,0,0,0,0,0,0,0,0,0,0,0,486,51
291,7,0,0,0,0,0,0,0,0,0,0,0,0,0,1,0,0,1,0,0,12,190
292,7,0,0,0,0,0,0,0,0,1,0,0,0,0,0,0,0,0,0,0,779,244
293,7,0,0,0,0,0,0,1,0,1,0,0,0,0,0,0,0,0,0,0,245,66
294,7,0,0,0,0,0,1,0,0,0,0,0,0,0,0,0,0,0,0,0,110,63
295,7,0,1,0,0,0,0,0,0,0,0,0,0,0,0,0,0,1,0,0,204,1118
296,7,0,0,0,0,0,0,0,0,1,0,0,0,0,0,0,0,0,0,0,3556,1118
297,7,0,0,0,0,0,0,0,0,1,0,0,0,0,0,0,0,0,0,0,135,248
298,7,0,1,0,0,0,0,0,0,0,0,0,0,0,0,0,1,1,0,0,15,249
299,7,0,0,0,0,0,0,1,0,1,0,1,0,0,0,0,0,0,0,0,751,1118
300,7,0,1,0,0,0,0,0,0,0,0,0,0,0,0,0,0,1,0,0,252,55
301,7,0,0,0,0,0,1,0,0,0,0,0,0,0,0,0,0,0,0,0,486,251
302,7,0,0,0,0,0,0,1,0,0,0,1,0,0,1,0,0,1,0,0,41,237
303,7,0,0,0,0,0,0,0,0,1,0,0,0,0,0,0,0,0,0,0,135,248
304,6,0,0,1,0,1,0,0,0,0,0,0,0,0,0,0,0,0,0,0,3556,1118
305,7,0,0,0,0,0,0,0,0,1,0,0,0,0,0,0,0,0,0,0,486,47
306,7,0,0,0,0,0,0,0,0,1,0,0,0,0,0,1,0,0,0,0,832,1118
307,7,0,0,0,0,0,0,1,0,0,0,0,1,0,1,0,0,1,0,0,267,46
308,7,0,0,0,0,1,0,0,0,1,1,0,0,0,0,0,0,0,0,0,62,1118
309,7,0,0,0,0,0,0,1,0,0,0,0,0,0,0,0,0,0,0,0,3556,1118
310,7,0,0,0,0,0,0,0,0,1,0,0,0,0,0,0,0,0,0,0,14,135
311,7,0,0,0,0,0,0,0,0,1,0,0,0,0,0,1,0,1,0,0,639,254
312,7,0,0,0,0,0,1,1,0,1,0,0,0,0,1,0,0,0,0,0,727,190
313,7,0,1,0,0,0,0,0,0,1,0,0,0,0,0,1,0,0,0,0,213,95
314,7,0,1,0,0,1,0,0,0,0,0,0,0,0,0,0,0,0,0,0,3,1118
315,8,0,0,0,0,0,0,0,0,1,0,0,0,0,0,0,0,1,0,0,849,14
316,7,0,0,0,0,0,1,0,0,1,0,0,0,0,0,0,0,0,0,0,600,256
317,3,0,0,0,0,0,0,0,0,1,0,0,0,0,0,0,0,0,0,0,635,257
318,3,0,0,0,0,0,0,0,0,1,0,0,0,0,0,0,0,0,1,0,278,81
319,6,0,0,0,0,0,1,0,0,0,0,0,0,1,0,1,0,0,0,0,740,15
320,6,0,0,0,0,0,0,0,1,0,0,0,0,0,0,0,0,0,0,0,3556,1118
321,6,0,0,0,0,0,1,0,0,0,0,0,0,0,0,0,0,0,0,0,89,1118
322,7,0,0,0,0,0,0,0,0,0,0,0,0,0,1,0,0,1,0,0,145,37
323,7,0,1,0,0,0,0,0,0,0,0,0,0,0,0,0,0,1,0,0,4,261
324,7,0,0,0,0,0,0,0,0,0,0,0,0,0,1,0,0,0,0,0,215,1118
325,7,0,0,0,0,0,0,0,0,1,0,0,0,0,0,0,0,1,0,0,205,263
326,7,0,1,0,0,0,0,0,0,1,0,0,0,0,0,0,0,0,1,0,158,88
327,7,0,0,0,0,0,0,1,0,1,0,0,0,0,1,0,0,0,0,0,86,264
328,7,0,1,0,0,0,0,0,0,0,0,0,0,0,1,1,0,1,0,0,740,70
329,8,0,0,0,0,0,0,1,0,1,0,0,0,0,0,0,0,1,0,0,683,265
330,7,0,0,0,0,0,0,0,0,1,0,0,0,0,0,0,0,0,0,0,196,266
331,7,0,0,1,0,0,0,0,0,0,0,0,0,0,0,0,0,1,0,0,181,267
332,7,0,0,0,0,0,0,1,0,1,0,0,0,0,0,0,0,1,0,0,40,268
333,7,0,0,0,0,0,0,0,0,0,0,0,0,0,1,0,0,1,0,0,157,13
334,7,0,1,0,0,0,0,1,0,0,0,0,0,0,1,0,0,0,0,0,649,54
335,7,0,0,0,0,0,1,0,0,0,0,0,0,0,0,0,0,0,0,0,880,1118
336,7,0,0,0,0,0,0,1,0,0,0,0,0,0,0,0,0,1,0,0,884,1118
337,7,0,0,0,0,0,1,0,0,1,0,0,0,0,0,0,0,1,0,0,887,1118
338,7,0,0,0,0,0,1,0,0,0,0,0,0,0,0,0,0,0,0,0,892,272
339,7,0,1,0,0,0,0,0,0,1,0,0,0,0,0,0,0,0,0,0,15,1118
340,7,0,0,0,0,0,0,0,0,1,0,0,0,0,0,0,0,0,0,0,254,274
341,7,0,0,0,0,0,1,0,0,0,0,0,0,0,0,0,0,0,0,0,589,179
342,7,0,0,0,0,0,1,0,0,0,0,0,0,0,1,0,0,0,0,0,216,7
343,7,0,1,0,0,0,0,0,0,0,0,0,1,0,0,0,1,0,0,0,648,175
344,7,0,0,0,0,0,0,0,0,1,0,0,0,0,0,0,0,0,0,0,390,1118
345,7,0,0,0,0,0,1,0,0,1,0,0,0,0,0,0,0,0,0,0,46,15
346,7,0,0,0,0,0,0,1,0,1,0,0,0,0,0,0,0,0,0,0,196,2
347,8,0,0,0,0,0,1,0,0,1,0,0,0,0,0,0,0,0,0,0,86,45
348,8,0,0,0,0,0,0,1,0,1,0,0,0,0,0,0,0,1,0,0,683,265
349,8,0,1,0,0,0,0,0,0,0,0,0,0,0,0,0,0,1,0,0,40,1118
350,8,0,1,0,0,0,0,0,0,0,0,0,0,0,1,0,0,1,0,0,116,277
351,8,0,0,0,0,0,0,0,0,0,0,0,1,0,0,0,0,0,0,0,685,278
352,7,0,0,0,0,0,1,0,0,0,0,0,0,1,0,0,0,0,0,0,3556,279
353,8,0,1,0,0,0,0,0,0,0,0,0,1,0,0,0,1,0,0,0,918,280
354,8,0,0,0,0,0,1,0,0,0,0,0,0,0,0,1,0,0,0,0,149,1118
355,8,0,0,1,0,0,0,0,0,0,0,0,0,0,0,0,1,1,0,0,196,45
356,4,0,0,0,0,0,0,0,0,1,0,0,0,0,1,0,0,1,0,0,109,32
357,1,0,0,0,0,0,0,0,0,1,0,0,0,0,0,0,0,0,0,0,600,184
358,7,0,1,1,0,0,0,0,0,0,0,0,0,0,0,0,1,1,0,0,147,1118
359,7,0,0,0,0,0,0,0,0,0,0,0,0,0,0,0,0,1,0,0,182,283
360,7,0,0,0,0,0,0,0,1,0,0,0,0,0,0,0,0,0,0,0,3556,1118
361,7,0,0,0,0,0,0,1,0,0,0,0,0,0,0,0,0,1,0,0,932,285
362,8,0,1,0,0,0,1,0,0,0,0,0,0,1,0,0,0,0,0,0,338,183
363,5,0,1,0,0,0,0,0,0,0,0,0,0,0,0,0,0,0,0,0,938,286
364,5,0,0,0,0,0,1,0,0,0,0,0,0,0,0,0,0,0,0,0,110,1118
365,5,0,0,0,0,0,0,0,0,1,0,0,0,0,0,0,0,0,0,0,263,1118
366,5,0,0,0,0,0,0,0,0,1,0,0,0,0,0,0,0,0,0,0,684,289
367,5,0,0,0,0,0,1,0,0,0,0,0,0,0,0,0,0,0,0,0,947,1118
368,6,0,0,0,0,0,1,0,0,0,0,0,0,0,0,0,0,0,0,0,45,1118
369,6,0,0,0,0,0,1,0,0,0,0,0,0,0,0,0,0,0,0,0,952,292
370,6,0,0,0,0,0,0,0,0,1,0,0,0,0,0,0,0,1,0,0,740,293
371,6,0,0,0,0,0,0,0,0,1,0,0,0,0,0,1,0,0,0,0,794,190
372,5,0,0,0,0,0,1,0,0,0,0,0,0,0,0,0,0,0,0,0,961,1118
373,5,0,1,1,0,0,0,0,0,0,0,0,0,0,0,0,1,0,0,0,868,1118
374,5,0,1,0,0,1,0,0,0,0,0,0,0,0,0,0,0,0,0,0,723,296
375,5,0,0,0,0,0,0,0,0,1,0,0,0,0,0,0,0,0,0,0,971,169
376,4,0,0,0,0,0,1,0,0,0,0,0,0,0,0,0,0,0,0,0,973,297
377,4,0,0,0,0,1,1,0,0,0,0,0,0,0,0,0,0,0,0,0,977,1118
378,4,0,0,0,0,0,0,0,0,1,0,0,0,0,0,0,0,0,0,0,668,299
379,5,0,0,0,0,0,0,0,0,0,0,0,1,0,0,0,0,0,0,0,982,300
380,4,0,1,1,0,0,0,0,0,0,0,0,0,0,0,0,1,0,0,0,679,1118
381,4,0,0,0,0,0,1,0,0,0,0,0,0,0,0,1,0,0,0,0,983,220
382,4,0,0,0,0,0,1,0,0,1,0,0,0,0,0,0,0,0,0,0,987,1118
383,4,0,0,0,0,1,1,0,0,0,0,0,0,0,0,0,0,0,0,0,991,303
384,4,0,0,0,0,0,1,0,0,0,0,0,0,0,0,0,0,0,0,0,992,304
385,4,0,1,1,0,0,1,0,0,0,0,0,0,0,0,1,0,0,0,0,306,95
386,3,0,0,0,0,0,1,0,0,0,0,0,0,0,0,0,0,0,0,0,611,6
387,3,0,0,0,0,0,0,0,0,1,0,0,0,0,0,0,0,0,0,0,648,26
388,4,0,1,0,0,0,1,0,0,0,0,0,0,0,0,0,0,0,0,0,1000,183
389,4,0,0,1,0,1,0,0,0,0,0,0,0,0,0,0,0,0,0,0,785,305
390,3,0,0,0,0,0,1,0,0,0,0,0,0,0,0,0,0,0,0,0,314,306
391,3,0,1,0,0,0,1,0,0,0,0,0,0,0,0,0,0,0,0,0,306,156
392,3,0,0,0,0,0,0,0,0,1,0,0,0,0,0,0,0,0,0,0,82,25
393,3,0,0,0,0,0,1,0,0,0,0,0,0,0,0,0,0,0,0,0,94,92
394,4,0,0,0,0,0,1,0,0,0,0,0,0,0,1,1,0,0,0,0,787,272
395,3,0,0,0,0,0,1,0,0,0,0,0,0,0,0,0,0,0,0,0,373,193
396,4,0,0,0,0,0,1,1,0,0,0,0,1,0,0,0,0,0,0,0,1020,1118
397,3,0,1,0,0,0,0,0,0,0,0,0,0,0,0,0,0,0,0,0,24,1118
398,3,0,1,1,0,1,0,0,0,0,0,0,0,0,0,0,1,0,0,0,147,1118
399,3,0,1,1,0,0,1,0,0,0,0,0,0,0,0,0,0,0,0,0,255,18
400,4,0,0,0,0,1,1,0,0,0,0,0,0,0,0,0,0,0,0,0,1027,292
401,5,0,0,0,0,0,1,0,0,0,0,0,0,0,0,0,0,0,0,0,1030,311
402,2,0,0,0,0,0,1,0,0,0,0,0,0,0,0,1,0,1,0,0,234,312
403,1,0,1,1,0,0,0,1,0,1,0,0,0,0,0,0,0,0,0,0,600,49
404,1,0,0,0,1,1,0,0,0,0,0,0,0,0,0,0,0,0,0,0,3556,99
405,6,0,1,1,0,0,0,0,0,0,0,0,0,0,1,0,0,0,0,0,247,74
406,6,0,0,0,0,0,0,0,0,0,0,0,1,0,0,0,0,1,0,0,277,318
407,6,0,0,0,0,0,1,0,0,0,0,0,0,0,0,0,0,0,0,0,393,1118
408,6,0,0,0,1,0,1,0,0,0,0,0,0,0,0,0,0,1,0,0,523,125
409,6,0,0,0,0,0,1,0,0,1,0,0,0,0,0,0,0,0,0,0,94,135
410,6,0,0,0,0,0,1,0,0,0,0,0,0,0,0,0,0,0,0,0,188,320
411,6,0,0,0,0,0,1,0,0,0,1,0,0,0,0,1,1,0,0,0,982,63
412,6,0,0,0,0,0,1,0,0,0,0,0,0,0,0,0,0,0,0,0,954,1118
413,6,0,0,0,0,0,0,0,0,0,0,0,1,0,0,0,0,0,0,0,690,1118
414,1,0,0,0,0,0,1,0,0,0,0,0,0,0,0,0,0,0,0,0,1050,324
415,1,0,0,0,0,1,1,0,0,0,0,0,0,0,0,0,0,0,0,1,1057,1118
416,1,0,0,0,0,1,0,0,0,1,0,0,0,0,0,0,0,0,0,0,1058,152
417,1,0,0,0,0,1,0,0,0,1,0,0,0,0,0,0,0,0,0,0,1062,326
418,1,0,0,0,1,1,0,0,0,0,0,0,0,1,0,0,0,0,0,0,3556,99
419,1,0,0,0,0,1,1,0,0,0,0,0,0,1,0,0,0,0,0,0,453,152
420,1,0,0,0,1,1,0,0,0,0,0,0,0,1,0,0,0,0,0,0,329,99
421,6,0,0,0,0,0,0,0,0,1,0,0,0,0,0,1,0,0,0,0,147,328
422,6,0,0,0,1,1,1,0,0,0,0,0,0,0,0,0,0,0,0,0,94,1118
423,1,0,0,0,0,1,0,0,0,1,1,0,0,0,0,0,1,0,0,0,131,81
424,6,0,0,0,0,0,0,0,0,0,0,0,1,0,0,0,0,0,0,0,1077,278
425,2,0,0,0,0,0,1,0,0,0,0,0,0,0,0,0,0,0,0,0,177,11
426,1,0,1,0,1,1,0,0,0,0,0,0,0,0,0,0,1,1,1,0,680,1118
427,1,0,0,0,0,0,0,0,0,1,0,0,0,0,0,0,0,0,0,0,1084,1118
428,1,0,0,0,0,0,1,0,0,0,0,0,0,0,0,0,0,0,0,0,336,332
429,1,0,0,0,0,0,0,0,0,1,0,0,0,0,0,0,1,0,0,0,410,155
430,1,0,0,0,0,0,1,0,0,0,0,0,0,0,0,0,0,0,1,0,3556,333
431,1,0,1,1,0,0,0,0,0,0,0,0,0,0,0,0,0,0,0,0,368,334
432,1,0,0,0,1,1,0,0,0,0,0,0,0,1,0,0,0,0,0,0,1100,99
433,1,0,0,0,0,0,1,0,0,0,0,0,0,0,0,0,0,0,0,0,648,122
434,1,0,0,0,0,0,0,0,0,0,0,0,0,0,0,0,1,0,0,0,992,1118
435,1,0,1,0,0,0,1,0,0,0,0,0,0,0,0,0,0,0,0,1,259,186
436,1,0,0,0,0,0,0,0,0,0,0,0,1,0,0,0,0,0,0,0,1108,183
437,2,0,0,0,0,0,0,0,0,0,0,0,1,0,0,0,0,0,0,0,1114,341
438,1,0,0,0,0,0,0,0,0,0,0,0,1,0,0,0,0,0,0,0,1116,154
439,3,0,0,0,0,0,0,0,0,0,0,0,1,0,0,0,0,0,0,0,1108,342
440,1,0,0,0,0,0,0,0,0,0,0,0,1,0,0,0,0,0,0,0,1124,1118
441,1,0,0,0,0,0,0,0,0,0,0,0,1,0,0,0,0,0,0,0,1129,344
442,2,0,0,0,0,0,0,0,0,0,0,0,1,0,0,0,0,0,0,0,3556,1118
443,1,0,0,0,0,0,0,0,0,0,0,0,1,0,0,0,0,0,0,0,1137,182
444,1,0,0,0,0,0,0,0,0,0,0,0,1,0,0,0,1,0,0,0,1139,1118
445,1,0,0,0,0,0,0,0,0,0,0,0,1,0,0,0,0,0,0,0,1143,155
446,1,0,0,0,0,0,0,0,0,0,0,0,1,0,0,0,0,0,0,0,1078,1118
447,1,0,0,0,0,0,0,0,0,0,0,0,1,0,0,0,0,0,0,0,15,74
448,1,0,0,0,0,0,0,0,0,0,0,0,1,0,0,0,0,0,0,0,1084,70
449,1,0,1,1,0,0,0,0,0,0,0,0,0,0,0,0,1,0,0,0,679,155
450,1,0,1,1,0,0,0,0,0,0,0,0,0,0,0,0,1,0,0,0,679,1118
451,1,0,0,0,0,0,1,0,0,0,0,0,0,1,0,1,0,0,0,0,15,350
452,1,0,1,0,0,0,0,0,0,0,0,0,1,0,0,0,0,0,0,0,691,351
453,1,0,1,0,0,0,0,0,0,0,0,0,1,0,0,0,0,0,0,0,582,1118
454,6,0,0,0,0,0,0,0,0,1,0,0,0,0,0,0,0,0,0,0,162,1118
455,7,0,1,0,0,0,0,0,0,0,0,0,0,0,0,0,0,0,0,0,3556,1118
456,7,0,1,0,0,0,1,0,0,0,0,0,0,0,0,0,0,0,0,0,952,354
457,7,0,0,1,0,1,0,0,0,1,0,0,0,0,0,0,0,0,0,0,126,1118
458,5,0,0,0,0,0,0,0,0,1,0,0,0,0,0,0,0,0,0,0,181,54
459,5,0,0,0,0,0,0,0,0,1,0,0,0,0,0,0,0,0,0,0,1170,356
460,5,0,0,0,0,0,0,0,0,1,0,0,0,0,0,0,0,0,0,0,600,1118
461,5,0,0,0,0,0,0,0,0,1,0,0,0,0,0,0,0,0,0,0,62,358
462,2,0,0,0,0,0,0,0,0,1,0,0,0,0,0,1,0,0,0,0,3556,360
463,4,0,0,1,0,0,0,0,0,0,0,0,0,0,0,0,0,0,0,0,3556,133
464,4,0,0,0,0,0,0,0,0,1,0,0,0,0,0,0,0,0,0,0,1182,361
465,4,0,0,1,0,1,0,0,0,0,0,0,0,0,0,1,0,0,0,0,261,280
466,2,0,0,0,0,0,0,0,0,0,0,0,0,0,0,0,0,1,0,0,369,362
467,3,0,0,0,0,0,0,0,0,1,0,0,0,0,0,0,0,0,0,0,86,1118
468,3,0,0,0,0,0,0,0,0,1,0,0,0,0,0,0,0,0,0,0,1015,364
469,3,0,0,0,0,0,0,0,0,1,0,0,0,0,0,0,0,0,0,0,254,138
470,3,0,0,0,0,0,0,0,0,0,0,0,0,0,0,0,0,0,0,1,108,366
471,6,0,0,0,0,0,0,0,0,1,0,0,0,0,0,0,0,0,1,0,178,52
472,6,0,1,1,0,0,0,0,0,0,1,0,0,0,0,0,0,0,0,0,368,367
473,6,0,0,0,1,1,0,0,0,0,0,0,0,1,0,0,0,0,0,0,735,90
474,1,0,0,0,0,0,0,0,0,0,0,0,0,0,0,0,1,0,1,0,508,147
475,6,0,0,0,0,0,0,0,0,1,0,0,0,0,0,0,0,0,0,0,737,368
476,6,0,0,0,0,0,1,0,0,0,0,0,0,0,0,0,0,0,0,0,397,1118
477,6,0,0,0,0,1,1,0,0,0,0,0,0,0,0,0,0,0,0,0,14,1118
478,1,0,0,0,0,0,1,0,0,0,0,0,0,0,0,1,0,0,0,0,1206,141
479,1,0,0,0,0,0,0,0,0,0,0,0,0,0,1,0,0,1,0,0,428,182
480,1,0,0,0,0,0,1,0,0,0,0,0,0,0,0,0,0,1,0,0,1206,182
481,1,0,0,0,0,0,1,0,0,1,0,0,0,0,0,0,0,0,0,0,500,371
482,1,0,0,0,0,0,1,1,0,0,0,0,0,0,0,0,0,0,0,0,500,371
483,1,0,0,0,0,0,0,0,0,1,0,0,0,0,0,1,0,0,1,0,1219,372
484,1,0,0,0,0,0,0,0,0,0,0,1,0,0,1,0,0,0,0,0,1219,373
485,1,0,0,0,0,0,0,0,0,0,0,0,0,1,0,1,0,0,0,0,408,141
486,1,0,0,0,0,0,1,0,0,0,0,0,0,0,0,1,0,0,0,0,1219,371
487,1,0,0,0,0,0,1,0,0,0,0,0,0,0,0,1,0,0,0,0,408,374
488,1,0,0,0,0,0,0,0,0,0,0,1,0,0,0,0,0,0,0,0,596,371
489,1,0,0,0,0,0,0,0,0,0,0,1,0,0,0,1,0,1,0,0,1206,182
490,1,0,0,0,0,0,1,0,0,0,0,0,0,0,0,1,0,1,0,0,1206,182
491,1,0,1,1,0,0,0,0,0,0,0,0,0,0,0,0,0,0,0,0,430,372
492,1,0,0,0,0,0,0,0,0,1,0,0,0,0,0,0,0,0,0,0,1239,376
493,1,0,0,0,0,0,0,0,0,0,0,0,0,0,1,0,0,0,0,0,1243,1118
494,1,0,0,0,0,0,1,0,0,0,0,0,0,0,0,0,0,0,0,0,1206,378
495,1,0,0,1,0,0,1,0,0,0,0,0,0,0,0,0,0,0,0,0,1213,1118
496,1,0,0,0,0,0,0,0,0,1,0,0,0,0,0,0,0,0,0,0,428,148
497,1,0,0,0,0,0,1,0,0,0,0,0,0,0,0,0,0,0,0,0,1206,378
498,1,0,1,1,0,0,0,0,0,0,0,0,0,0,0,1,0,0,1,0,1219,373
499,1,0,0,0,0,0,0,0,0,1,0,0,0,0,0,0,0,0,0,0,259,381
500,6,0,0,1,0,1,0,0,0,0,0,0,0,0,0,0,0,0,0,0,3556,1118
501,1,0,0,0,1,1,0,0,0,0,0,0,0,1,0,0,0,0,0,0,329,99
502,1,0,0,0,0,0,1,0,0,0,0,0,0,0,0,0,0,0,1,0,46,15
503,1,0,0,0,0,0,0,0,0,1,0,0,0,0,0,0,0,0,0,0,583,383
504,1,0,0,0,0,0,0,1,0,1,0,0,0,0,0,0,0,0,0,0,12,1118
505,1,0,0,0,0,0,0,0,0,0,0,0,0,0,1,0,0,1,0,0,1234,182
506,1,0,0,0,0,0,0,0,0,1,0,0,0,0,0,0,0,0,0,0,1239,1118
507,1,0,0,0,0,0,0,0,0,1,0,0,0,0,0,0,0,0,0,0,395,376
508,6,0,0,0,0,0,0,0,0,1,0,0,0,0,0,0,0,0,0,0,188,184
509,1,0,0,0,0,0,0,0,0,1,0,0,0,0,0,0,0,0,0,0,635,257
510,1,0,1,0,0,0,0,0,0,1,0,0,0,0,0,0,0,0,0,1,3556,1118
511,1,0,0,1,0,0,0,0,0,0,0,0,0,0,0,0,0,0,1,0,1050,188
512,1,0,0,0,0,0,1,0,0,1,0,0,0,0,0,1,0,0,0,0,1284,386
513,1,0,0,0,0,0,0,0,0,0,0,0,0,0,1,0,0,1,0,0,420,1118
514,1,0,0,0,0,0,1,0,0,0,0,0,0,0,0,1,0,0,0,0,397,15
515,7,0,1,0,0,0,0,0,0,1,0,0,0,0,0,0,0,0,1,0,966,55
516,1,0,0,0,0,0,1,0,0,0,0,0,0,0,0,0,0,0,0,0,236,388
517,1,0,0,0,0,0,1,0,0,1,0,0,0,0,0,1,0,0,0,0,397,15
518,2,0,0,0,0,0,0,0,0,1,0,0,0,0,0,0,0,0,0,0,393,80
519,1,0,0,1,0,0,0,0,0,0,0,0,0,0,0,0,0,0,0,0,1219,373
520,1,0,0,1,0,0,0,0,0,0,0,0,0,0,0,0,0,0,1,0,238,389
521,1,0,0,0,0,0,0,0,0,1,0,0,0,0,0,0,0,0,1,0,86,390
522,1,0,0,0,0,0,1,0,0,1,0,0,0,0,0,0,0,0,0,0,1306,391
523,1,0,0,0,0,0,1,0,0,1,0,0,0,0,0,0,0,0,0,0,259,344
524,1,0,0,0,0,0,1,0,0,0,0,0,0,0,0,0,0,0,0,0,1145,1118
525,1,0,0,0,0,0,0,0,0,0,0,1,0,0,1,0,0,0,0,0,1219,378
526,1,0,1,1,0,0,0,0,0,1,0,0,0,0,0,0,0,0,0,0,1317,374
527,1,0,0,0,0,0,0,0,0,1,0,0,0,0,0,0,0,0,0,0,278,393
528,1,0,0,0,0,0,0,0,0,1,0,0,0,0,0,0,0,0,1,0,956,394
529,1,0,0,0,0,0,0,0,0,1,0,0,0,0,0,0,0,0,0,0,3556,61
530,1,0,0,1,0,0,0,0,0,0,0,0,0,0,0,0,0,0,0,0,368,373
531,6,0,0,0,0,0,0,0,0,1,0,0,0,0,0,1,0,0,0,0,334,1118
532,7,0,0,0,0,0,0,0,0,0,0,0,0,0,0,1,0,0,0,0,3556,396
533,7,0,0,0,0,0,0,0,0,0,0,0,0,0,1,0,0,0,0,0,433,1118
534,7,0,0,0,0,0,0,0,0,1,0,0,0,0,0,0,0,0,0,0,105,1118
535,7,0,0,0,0,0,1,0,0,0,0,0,0,0,0,1,0,0,0,0,178,1118
536,7,0,0,0,0,0,0,0,0,1,0,0,0,0,0,0,0,0,0,0,3556,1118
537,2,0,0,0,0,0,0,0,0,1,0,0,0,0,0,0,0,0,0,0,267,231
538,7,0,0,0,1,1,0,0,0,0,0,0,0,1,0,0,0,0,0,0,178,1118
539,7,0,0,0,0,1,1,0,0,0,0,0,0,0,0,0,0,0,0,0,95,1118
540,5,0,1,0,0,0,0,0,0,0,0,0,0,0,0,0,0,0,0,0,188,1118
541,5,0,1,1,0,0,0,0,0,0,0,0,0,0,0,0,0,0,0,0,1097,223
542,5,0,0,0,1,1,0,0,0,0,0,0,0,1,0,1,0,0,0,0,82,1118
543,5,0,0,0,0,0,0,0,0,1,0,0,0,1,0,0,0,0,0,0,3556,1118
544,6,0,0,0,0,0,0,1,0,1,0,0,0,0,0,1,0,0,0,0,685,268
545,5,0,0,0,0,0,1,0,0,0,0,0,0,0,0,1,0,0,0,0,1000,196
546,6,0,1,0,0,0,0,0,0,0,0,0,0,0,0,0,0,1,0,0,15,249
547,6,0,0,0,0,0,0,1,0,0,0,0,0,0,0,0,0,0,0,0,834,1118
548,6,0,0,0,0,1,0,0,0,0,1,0,0,0,0,0,0,0,0,0,126,1118
549,5,0,0,0,0,0,0,0,0,1,0,0,0,0,0,1,0,0,1,0,8,410
550,5,0,1,0,0,0,0,0,0,0,0,0,0,0,0,0,0,1,0,0,24,156
551,5,0,0,0,0,0,0,0,0,0,0,0,1,0,0,0,0,0,0,0,1372,1118
552,5,0,0,0,0,0,0,0,0,0,0,0,0,0,0,0,1,0,0,0,127,261
553,5,0,0,0,0,0,0,0,0,1,0,0,0,0,0,1,0,0,0,0,267,360
554,5,0,1,1,0,0,0,0,0,0,0,0,0,0,0,0,0,0,0,0,310,266
555,5,0,0,0,0,0,0,0,0,1,0,0,0,0,0,0,0,0,0,0,15,1118
556,5,0,0,0,0,0,0,0,0,0,0,0,0,0,0,0,0,0,0,1,655,413
557,4,0,0,0,0,0,0,0,0,1,0,0,0,1,0,0,0,0,0,0,1383,1118
558,4,0,0,0,0,0,0,0,0,1,1,0,0,0,0,0,0,1,0,0,471,132
559,4,0,0,0,0,0,0,0,0,1,0,0,1,0,0,0,0,0,0,0,9,415
560,5,0,0,1,0,1,1,0,0,0,1,0,0,0,0,1,1,0,0,0,1391,1118
561,4,0,0,0,0,0,0,0,0,1,0,0,1,0,0,0,0,0,0,0,86,82
562,5,0,1,1,0,0,0,0,0,0,0,0,0,0,0,0,0,0,0,1,12,181
563,5,0,0,0,0,0,0,0,0,0,0,0,1,0,0,0,0,0,0,0,1396,318
564,5,0,0,0,0,0,1,0,0,0,0,0,1,0,0,0,0,0,0,0,1406,306
565,5,0,0,0,0,0,0,0,0,0,0,0,1,0,0,0,0,1,0,0,276,417
566,4,0,1,1,0,0,0,0,0,0,0,0,0,0,0,0,0,1,0,0,252,418
567,4,0,0,0,0,0,0,0,0,0,0,0,1,0,0,0,0,0,0,0,652,196
568,4,0,1,0,0,0,0,0,0,0,0,0,0,0,0,1,0,1,0,0,267,128
569,4,0,0,0,0,0,0,0,0,1,0,0,1,0,0,0,0,0,0,0,684,28
570,4,0,0,0,0,0,0,0,0,0,0,0,0,0,0,0,0,0,0,1,12,419
571,3,0,0,0,0,0,1,0,0,0,0,0,0,0,0,0,0,1,0,0,54,285
572,4,0,1,0,0,0,0,0,0,0,0,0,0,0,0,0,0,1,0,0,109,160
573,3,0,0,0,0,0,0,0,0,0,0,0,1,0,0,0,1,1,0,0,1418,420
574,3,0,0,0,0,0,0,0,0,0,0,0,0,0,1,1,0,1,0,0,105,1118
575,4,0,0,0,0,0,1,0,0,0,0,0,0,0,0,0,0,0,0,1,646,422
576,3,0,1,1,0,0,0,1,0,0,0,0,0,0,0,0,0,0,0,0,868,159
577,3,0,0,0,0,0,1,0,0,0,0,0,0,0,0,0,1,0,0,0,338,423
578,3,0,1,0,0,0,0,0,0,0,0,0,0,0,0,0,1,0,0,0,145,424
579,3,0,0,0,0,0,1,0,0,0,0,0,0,0,0,0,0,0,0,0,376,425
580,5,0,0,0,0,0,1,0,0,0,0,0,0,0,0,1,0,0,0,0,227,1118
581,3,0,0,0,0,0,0,0,0,1,0,0,0,0,0,0,0,1,0,0,26,1118
582,3,0,0,0,0,0,0,0,0,1,0,0,0,0,0,1,0,0,0,0,62,428
583,3,0,0,0,0,0,0,1,0,0,0,0,0,0,0,0,0,1,0,0,192,429
584,3,0,0,0,0,1,0,0,0,1,0,0,0,0,0,0,0,0,0,0,638,430
585,3,0,0,0,0,0,1,0,0,0,0,0,0,0,0,0,0,0,0,0,950,431
586,4,0,1,0,0,0,0,0,0,0,0,0,0,0,0,0,0,0,0,0,255,1118
587,3,0,0,0,0,0,0,0,0,1,0,0,0,0,1,0,0,0,0,0,1448,1118
588,2,0,0,0,1,1,0,0,0,0,0,0,0,1,0,0,0,0,0,0,3556,434
589,1,0,0,0,0,0,0,0,0,0,0,0,0,0,0,0,0,0,0,1,596,1118
590,6,0,1,0,0,0,0,0,0,0,0,0,1,0,0,0,1,0,0,0,1456,1118
591,6,0,0,0,0,0,0,0,0,1,0,0,0,0,0,0,0,1,0,0,1460,277
592,5,0,0,0,0,0,0,0,0,0,0,0,0,0,1,0,0,1,0,0,947,1118
593,3,0,0,0,0,0,0,0,0,0,0,0,0,0,0,0,0,0,1,0,3556,1118
594,6,0,0,0,0,0,0,0,0,1,0,0,0,0,0,1,0,0,0,0,1470,264
595,6,0,0,0,0,0,0,0,0,0,0,0,0,0,0,0,0,1,0,0,86,34
596,6,0,0,0,1,1,0,0,0,0,0,0,0,1,0,0,0,0,0,0,158,435
597,6,0,1,0,0,0,0,0,0,0,0,0,0,0,0,0,0,1,0,0,306,69
598,6,0,0,0,0,0,1,0,0,1,0,0,0,0,0,0,0,0,0,0,1188,1118
599,6,0,1,0,0,0,0,0,0,0,0,0,0,0,0,0,0,0,0,0,398,27
600,6,0,0,0,0,1,0,0,0,0,0,0,0,0,0,0,0,0,0,0,4,442
601,1,0,0,1,0,0,0,0,0,0,0,0,0,0,0,0,0,0,1,0,1482,145
602,1,0,0,0,0,0,0,0,0,0,0,0,0,1,0,1,0,0,0,0,1485,444
603,1,0,0,0,0,0,0,0,0,0,0,0,0,0,1,0,0,1,0,0,428,182
604,1,0,0,0,0,0,1,0,0,0,0,0,0,0,0,0,0,0,0,0,416,148
605,1,0,0,0,0,0,0,0,0,0,0,0,0,1,0,0,0,0,0,0,412,444
606,1,0,0,0,0,0,0,0,0,1,0,0,0,0,0,0,0,0,0,0,1499,445
607,1,0,0,0,0,0,0,0,0,0,0,0,0,0,0,1,0,1,0,0,1499,182
608,1,0,0,0,0,0,0,0,0,0,0,0,0,0,1,1,0,1,0,0,1220,182
609,1,0,0,0,0,0,1,0,0,0,0,0,0,0,0,0,0,0,0,0,1258,444
610,1,0,0,0,0,0,0,0,0,0,0,0,0,1,0,0,0,0,0,0,1486,444
611,1,0,0,0,0,0,0,1,0,0,0,1,0,0,1,0,0,0,0,0,1512,1118
612,1,0,0,0,0,0,0,0,0,1,0,0,0,0,0,0,0,0,0,0,1518,148
613,1,0,0,0,0,0,1,0,0,0,0,0,0,0,0,0,0,0,0,0,1243,1118
614,1,0,0,0,0,0,0,0,0,1,0,0,0,0,0,0,0,0,0,0,1258,448
615,1,0,0,0,0,0,0,0,0,0,0,0,0,0,0,0,0,1,0,0,3556,182
616,1,0,0,0,0,0,0,0,0,0,0,0,1,0,0,0,1,0,0,0,3556,1118
617,1,0,0,0,0,0,0,0,0,1,0,0,0,0,0,0,0,0,0,0,1537,1118
618,1,0,0,0,0,0,0,0,0,1,0,0,0,0,0,0,0,0,0,0,596,1118
619,6,0,0,0,0,0,0,0,0,1,0,0,0,0,0,0,0,1,0,0,12,452
620,6,0,0,0,0,0,0,0,0,1,0,0,0,0,0,0,0,0,0,0,12,170
621,1,0,0,0,0,0,0,0,0,0,0,0,0,0,0,0,0,0,0,1,3556,1118
622,1,0,0,1,0,1,0,0,0,0,0,0,0,0,0,0,0,0,0,0,893,1118
623,4,0,0,0,0,1,1,0,0,0,0,0,0,0,0,0,0,0,0,0,611,455
624,1,0,0,0,1,1,0,0,0,0,0,0,0,1,0,0,0,0,0,0,329,316
625,1,0,0,0,1,1,0,0,0,0,0,0,0,0,0,0,0,0,0,0,1550,114
626,1,0,0,0,0,1,0,0,0,1,0,0,0,0,0,0,0,0,0,0,1242,317
627,2,0,0,0,0,0,0,0,0,1,0,0,0,0,0,0,0,0,0,0,40,266
628,6,0,0,0,0,0,0,1,0,1,0,0,0,0,0,0,0,0,0,0,86,45
629,1,0,0,0,0,0,1,0,0,0,0,0,0,1,0,0,0,0,0,0,238,139
630,1,0,0,0,0,0,1,0,0,0,0,0,0,1,0,0,0,0,0,0,500,139
631,2,0,1,0,0,0,0,0,0,1,0,0,0,0,0,1,0,0,1,0,405,415
632,1,0,0,0,0,0,0,0,0,1,0,0,0,0,0,0,0,0,0,0,486,214
633,1,0,0,0,0,0,0,0,0,1,0,0,0,0,0,0,0,0,0,0,1249,1118
634,6,0,0,0,0,0,0,0,1,0,0,0,0,0,0,0,0,0,0,0,75,1118
635,1,0,0,0,0,0,0,0,0,0,0,0,1,0,0,0,0,0,0,0,485,417
636,1,0,1,1,0,0,0,0,0,0,0,0,0,0,0,0,1,1,0,0,204,417
637,1,0,0,0,0,0,1,0,0,0,0,0,1,0,0,0,0,0,0,0,1076,1118
638,1,0,0,0,0,0,0,0,0,1,0,0,0,0,0,0,0,0,0,0,464,1118
639,1,0,0,0,0,0,0,0,0,1,0,0,0,0,0,0,0,0,0,0,1577,463
640,1,0,0,0,0,0,0,0,0,1,0,0,0,0,0,0,0,0,0,0,958,219
641,1,0,0,0,0,0,0,0,0,1,0,0,0,0,0,0,0,0,1,0,446,147
642,2,0,0,0,0,0,0,1,0,1,0,1,0,0,0,0,0,0,0,0,727,293
643,4,0,0,0,0,0,0,0,0,1,0,0,0,0,0,1,0,0,0,0,181,127
644,1,0,0,0,0,0,0,0,1,0,0,0,0,0,0,0,0,0,0,0,3556,464
645,2,0,0,0,0,0,0,0,1,0,0,0,0,0,0,0,0,0,0,0,3556,1118
646,1,0,0,0,0,0,0,0,0,0,0,0,0,0,0,0,0,0,0,1,3556,1118
647,1,0,0,0,0,0,0,0,0,1,0,0,0,0,0,0,0,0,1,0,3556,1118
648,1,0,0,0,0,0,1,0,0,0,0,0,0,0,0,1,0,0,0,0,1598,1118
649,1,0,0,0,0,0,0,1,0,1,0,0,0,0,0,0,0,1,0,0,86,1118
650,1,0,0,0,0,0,0,0,0,1,0,0,0,0,0,0,0,0,0,0,3556,1118
651,1,0,1,0,0,0,0,0,0,1,0,0,0,0,0,0,0,0,1,0,40,52
652,2,0,0,0,0,0,1,0,0,1,0,0,0,0,0,0,0,0,0,0,192,1118
653,1,0,0,0,0,0,0,1,0,0,0,1,0,0,0,0,0,1,0,0,420,146
654,1,0,0,0,0,0,0,0,0,0,0,1,0,0,1,0,0,1,0,0,600,471
655,1,0,0,1,0,0,1,0,0,1,0,0,0,0,0,0,0,0,0,0,1613,178
656,1,0,0,0,0,0,0,1,0,0,0,1,0,0,0,0,0,1,0,0,449,1118
657,1,0,0,0,0,0,0,0,0,0,0,1,0,0,0,0,0,1,0,0,562,473
658,2,0,0,0,0,0,0,0,0,1,0,0,0,0,0,0,0,0,0,0,293,1118
659,1,0,0,0,0,0,1,0,0,0,0,0,0,0,1,0,0,1,0,0,1206,148
660,2,0,0,0,0,0,0,0,0,1,0,0,0,0,0,0,0,0,0,0,161,236
661,1,0,0,0,0,0,0,0,0,0,0,0,0,0,0,0,0,0,0,1,1482,475
662,1,0,0,0,0,0,0,0,0,1,0,0,0,0,0,1,0,0,0,0,163,351
663,1,0,0,0,0,0,1,0,0,0,0,0,0,0,0,0,0,0,0,0,1213,332
664,1,0,0,0,0,0,0,0,0,1,0,0,0,0,0,0,0,0,0,0,1442,386
665,2,0,1,0,0,0,0,0,0,0,0,0,1,0,0,0,1,1,0,0,16,13
666,1,0,0,0,0,0,0,0,0,0,0,0,1,0,0,0,0,0,0,0,1628,1118
667,1,0,0,0,0,0,0,0,0,0,0,0,1,0,0,0,0,0,0,0,181,155
668,1,0,1,0,0,0,0,0,0,0,0,0,1,0,0,0,0,0,0,0,1124,1118
669,2,0,0,0,0,0,0,0,0,0,0,0,1,0,0,0,0,0,0,0,459,478
670,3,0,0,0,0,0,0,0,0,0,0,0,1,0,0,0,1,1,0,0,1418,420
671,1,0,0,0,0,0,0,0,0,0,0,0,1,0,0,0,0,0,0,0,1143,1118
672,2,0,0,0,0,0,0,0,0,0,0,0,1,0,0,0,0,0,0,0,1642,480
673,1,0,0,0,0,0,0,0,0,0,0,1,0,0,0,0,0,1,0,0,1084,1118
674,1,0,0,0,0,0,0,0,0,0,0,0,1,0,0,0,0,0,0,0,1442,482
675,1,0,0,0,0,0,0,0,0,0,0,0,1,0,0,0,0,0,0,0,3556,1118
676,6,0,0,0,0,0,0,0,0,1,0,0,0,0,0,0,0,0,0,0,648,53
677,7,0,0,0,0,0,0,0,1,0,0,0,0,0,0,0,0,0,0,0,3556,1118
678,7,0,0,0,0,0,0,0,0,1,0,0,0,0,0,0,0,1,0,0,109,486
679,1,0,1,1,0,0,0,0,0,0,0,0,0,0,0,0,0,0,0,0,3556,1118
680,7,0,1,1,0,0,0,0,0,0,0,0,0,0,0,0,0,0,0,0,767,228
681,7,0,0,0,0,0,0,0,0,0,0,0,1,0,0,0,0,0,0,0,652,1118
682,7,0,0,0,0,0,0,0,0,0,0,0,1,0,1,0,0,1,0,0,909,1118
683,7,0,0,0,0,0,1,0,0,0,0,0,0,0,0,0,0,0,0,0,212,1118
684,3,0,1,0,0,0,0,0,0,0,0,0,0,0,0,0,0,1,0,0,956,55
685,6,0,1,0,0,0,0,0,0,0,0,0,0,0,0,0,0,1,0,0,147,1118
686,3,0,1,0,0,0,0,0,0,1,0,0,0,0,0,0,0,0,0,0,310,190
687,7,0,0,0,0,0,1,0,0,0,0,0,0,0,0,0,0,0,1,0,996,296
688,7,0,0,0,0,0,1,0,0,0,0,0,0,0,0,0,0,0,0,0,1444,1118
689,7,0,1,0,0,0,0,0,0,0,0,0,0,0,0,0,0,1,0,0,24,410
690,7,0,0,0,0,0,0,0,0,1,0,0,0,0,0,0,0,0,1,0,26,492
691,8,0,0,0,0,0,0,0,0,0,0,1,0,0,0,0,1,1,0,0,686,64
692,5,0,0,0,0,0,1,0,0,1,0,0,0,0,0,1,0,0,0,0,380,178
693,5,0,0,0,0,0,0,0,0,1,0,0,0,0,0,0,0,0,0,0,86,26
694,5,0,0,0,0,0,0,0,0,0,0,0,0,0,0,1,0,0,0,0,1674,1118
695,5,0,0,0,0,0,1,0,0,1,0,0,0,0,0,0,0,0,0,0,1677,1118
696,6,0,0,0,0,0,0,0,0,1,0,0,0,0,0,0,0,1,0,0,245,495
697,5,0,0,0,0,0,0,0,0,1,0,0,0,0,0,0,0,0,0,0,213,1118
698,4,0,0,0,0,0,0,0,0,1,0,0,0,0,0,0,0,0,0,0,1297,232
699,4,0,0,0,0,0,0,0,0,1,0,0,0,0,0,0,0,0,0,0,648,497
700,5,0,0,0,0,0,1,0,0,0,0,0,0,0,0,0,0,0,0,0,9,1118
701,3,0,0,0,0,0,0,0,1,0,0,0,0,0,0,0,0,0,0,0,3556,1118
702,4,0,0,0,0,0,1,0,0,0,0,0,0,0,0,1,0,0,0,0,47,1118
703,4,0,0,0,0,0,0,0,0,1,0,0,0,0,0,0,0,0,0,0,677,501
704,3,0,0,0,0,0,0,0,0,1,0,0,0,0,0,1,0,0,0,0,648,213
705,1,0,0,0,0,0,0,0,0,0,0,0,0,1,0,1,0,0,0,0,1485,502
706,6,0,0,0,0,0,0,0,0,0,0,0,1,0,0,0,0,0,0,0,1296,478
707,2,0,0,0,0,0,0,0,0,1,0,0,0,0,0,0,0,0,0,0,405,66
708,1,0,0,0,0,0,0,0,0,1,0,0,0,0,0,0,0,0,0,0,228,504
709,2,0,0,0,0,0,1,0,0,0,0,0,0,0,0,1,0,0,0,0,984,328
710,1,0,0,0,0,0,1,0,0,0,0,0,0,0,0,0,0,0,0,0,727,1118
711,6,0,0,0,0,0,0,0,0,1,0,0,0,0,0,0,0,0,0,0,3556,1118
712,1,0,0,0,0,0,1,0,0,1,0,0,0,0,0,0,0,0,0,0,54,45
713,5,0,0,0,0,0,0,0,0,1,0,0,0,0,0,0,0,0,0,0,751,1118
714,5,0,0,0,0,0,0,0,0,1,0,0,0,0,0,1,0,0,0,0,266,507
715,5,0,0,0,0,0,1,0,0,1,0,0,0,0,0,0,0,0,0,0,827,231
716,5,0,0,0,0,0,0,0,0,1,0,0,0,0,0,1,0,0,0,0,589,1118
717,6,0,0,0,0,0,0,0,0,1,0,0,0,0,0,0,0,1,0,0,501,509
718,6,0,0,0,0,0,1,0,0,0,0,0,0,0,0,0,0,0,0,0,3556,82
719,4,0,0,0,0,0,1,0,0,0,0,0,0,0,0,0,0,0,1,0,324,510
720,5,0,1,1,0,0,0,0,0,1,0,0,0,0,0,1,0,0,0,0,368,312
721,5,0,0,0,0,0,1,0,0,0,0,0,0,0,0,0,0,0,0,0,1102,44
722,5,0,0,0,0,0,1,0,0,0,0,0,0,0,0,0,0,0,0,0,254,92
723,5,0,0,0,0,0,1,0,0,1,0,0,0,0,0,0,0,0,0,0,234,1118
724,5,0,0,0,0,0,0,0,0,1,0,0,0,0,0,1,0,0,0,0,130,512
725,4,0,0,0,0,0,1,0,0,0,0,0,0,0,0,0,0,0,0,0,338,513
726,5,0,0,0,0,1,0,0,0,1,0,0,0,0,0,0,0,0,0,0,196,1118
727,4,0,0,0,0,0,0,0,0,1,0,0,0,0,0,1,0,0,0,0,192,480
728,4,0,0,0,0,0,1,0,0,0,0,0,0,0,0,0,1,0,0,0,306,515
729,4,0,0,0,0,0,0,0,0,1,0,0,0,0,0,0,0,0,0,0,87,452
730,6,0,0,0,0,0,0,0,0,1,0,0,0,0,0,1,0,0,0,0,515,1118
731,4,0,0,0,0,0,1,0,0,1,0,0,0,0,0,1,0,0,0,0,234,1118
732,3,0,0,0,0,0,1,0,0,0,0,0,0,0,0,1,0,0,0,0,486,515
733,4,0,0,0,0,0,0,0,0,1,0,0,0,0,0,1,0,0,0,0,3556,1118
734,3,0,0,0,0,0,1,0,0,0,0,0,0,0,0,0,0,0,0,0,234,324
735,3,0,0,0,0,0,0,0,0,1,0,0,0,0,0,0,0,0,0,0,116,97
736,3,0,0,0,0,0,0,0,0,1,0,0,0,0,0,1,0,0,0,0,181,393
737,4,0,0,0,0,0,1,0,0,1,0,0,0,0,0,0,0,0,0,0,261,519
738,4,0,0,0,0,0,1,0,0,0,0,0,0,0,0,1,0,0,0,0,45,520
739,2,0,0,0,0,0,1,0,0,0,0,0,0,0,0,1,0,0,0,0,740,513
740,6,0,0,0,0,0,0,0,0,1,0,0,0,0,0,1,0,0,0,0,1172,1118
741,6,0,0,0,0,0,0,0,0,1,0,0,0,0,0,0,0,1,0,0,235,1118
742,6,0,0,0,0,0,0,0,0,1,0,0,0,0,0,0,0,1,0,0,82,31
743,6,0,1,0,0,0,0,0,0,0,0,0,0,0,0,0,0,1,0,0,172,1118
744,6,0,0,0,0,0,0,0,0,1,0,0,0,0,0,0,0,0,1,0,740,415
745,1,0,0,0,0,0,1,0,0,0,0,0,0,0,0,0,0,0,0,0,1050,429
746,1,0,0,0,0,0,1,0,0,0,0,0,0,0,0,0,0,0,0,0,108,524
747,3,0,0,0,0,0,1,0,0,0,0,0,0,0,0,1,0,0,0,0,254,118
748,7,0,1,0,0,0,0,0,0,0,0,0,0,0,0,1,0,1,0,0,108,418
749,7,0,0,0,0,0,1,0,0,0,0,0,0,0,0,1,0,0,0,0,354,525
750,7,0,0,0,0,0,0,0,0,1,0,0,0,0,0,0,0,0,0,0,181,81
751,7,0,1,0,0,0,0,0,0,0,0,0,0,0,0,1,0,1,0,0,4,1118
752,8,0,1,0,0,0,0,0,0,0,0,0,0,0,0,0,0,1,0,0,47,1118
753,4,0,0,0,0,0,0,0,0,1,0,0,0,0,0,0,0,0,0,0,1757,1118
754,7,0,0,0,0,0,0,1,0,0,0,0,0,0,0,0,0,1,0,0,1460,236
755,5,0,1,1,0,1,0,0,0,0,1,0,0,0,0,0,1,0,0,0,94,529
756,5,0,0,0,0,0,1,0,0,0,0,0,0,0,0,0,0,0,0,0,397,530
757,5,0,0,0,0,0,0,0,1,0,0,0,0,0,0,0,0,0,0,0,3556,1118
758,6,0,0,0,0,0,0,0,0,0,0,0,0,0,0,0,1,1,0,0,1769,1118
759,5,0,1,0,0,0,0,0,0,0,0,0,0,0,0,0,0,0,0,0,1444,1118
760,5,0,0,0,0,0,0,0,0,0,0,0,0,0,0,0,1,0,0,0,1775,283
761,5,0,1,0,0,0,0,0,0,0,0,0,0,0,0,0,0,1,0,0,685,285
762,6,0,0,0,0,0,0,0,0,1,0,0,0,0,0,0,0,0,0,0,827,84
763,6,0,0,0,0,0,1,0,0,0,0,0,0,0,0,0,0,0,0,0,1444,354
764,6,0,0,0,0,0,1,0,0,0,0,0,0,0,0,1,0,0,0,0,175,534
765,2,0,0,0,0,0,1,0,0,0,0,0,0,0,0,1,0,0,0,0,991,535
766,6,0,0,0,0,0,0,0,1,0,0,0,0,0,0,0,0,0,0,0,3556,1118
767,5,0,0,0,0,0,0,0,0,0,0,0,1,0,0,0,0,0,0,0,685,420
768,5,0,0,1,0,1,0,0,0,0,0,0,0,0,0,0,0,0,0,0,215,537
769,5,0,1,1,0,0,0,0,0,0,0,0,0,0,1,0,1,0,0,0,811,1118
770,5,0,0,0,0,0,0,1,0,0,0,1,0,0,1,0,0,1,0,0,116,1118
771,5,0,1,0,0,0,0,0,0,0,0,0,0,0,0,0,1,1,0,0,267,1118
772,5,0,0,0,0,0,0,0,0,1,0,0,0,0,0,0,0,0,0,0,1797,1118
773,4,0,0,0,0,0,0,0,0,0,0,0,0,0,0,0,0,1,0,0,3556,1118
774,5,0,0,0,0,0,0,0,0,0,0,0,1,0,0,0,0,0,0,0,685,1118
775,5,0,0,0,0,0,1,0,0,1,0,0,0,0,0,1,0,0,0,0,390,61
776,5,0,0,0,0,0,0,0,0,1,0,0,0,0,0,0,0,0,0,0,796,524
777,5,0,0,0,0,0,0,0,0,0,0,0,1,0,0,0,0,0,0,0,1805,1118
778,5,0,0,0,0,0,1,0,0,1,0,0,0,0,0,1,0,0,0,0,173,1118
779,4,0,1,0,0,0,0,0,0,0,0,0,0,0,0,0,0,0,0,0,145,285
780,4,0,0,0,0,0,1,0,0,0,0,0,0,0,0,0,0,0,0,0,110,321
781,5,0,0,0,0,0,1,0,0,0,0,0,0,0,0,1,0,0,0,0,178,419
782,4,0,0,0,0,0,0,0,0,1,0,0,0,0,0,0,0,0,0,0,8,1118
783,4,0,0,0,0,0,1,0,0,0,0,0,0,0,0,1,0,0,0,0,370,324
784,3,0,0,0,0,0,0,0,0,1,0,0,1,0,0,0,0,0,0,0,730,1118
785,4,0,0,0,0,0,1,0,0,0,0,0,0,0,0,1,0,0,0,0,463,548
786,5,0,0,0,0,0,1,0,0,0,0,0,0,0,0,1,0,0,0,0,44,396
787,5,0,0,0,0,0,1,0,0,1,0,0,0,0,0,0,0,0,0,0,254,549
788,4,0,0,0,0,0,0,0,0,0,0,0,1,0,0,0,0,1,0,0,1127,1118
789,5,0,0,0,0,0,1,0,0,1,0,0,0,0,0,0,0,0,0,0,41,1118
790,5,0,0,0,0,0,1,0,0,0,0,0,0,0,0,0,0,0,0,0,952,304
791,5,0,0,0,0,1,0,0,0,0,0,0,0,0,0,0,0,0,0,0,3556,1118
792,4,0,0,0,0,0,1,0,0,0,0,0,0,0,0,0,0,0,0,0,727,15
793,4,0,0,0,0,0,1,0,0,0,0,0,0,0,0,0,0,0,0,0,1366,553
794,4,0,0,0,0,0,0,0,0,1,0,0,0,0,0,1,0,0,0,0,369,130
795,4,0,0,0,0,1,1,0,0,0,0,0,0,0,0,0,0,0,0,0,299,554
796,4,0,0,0,0,0,1,0,0,0,0,0,0,0,0,1,0,0,0,0,683,1118
797,4,0,1,0,0,0,0,0,0,0,0,0,0,0,0,0,1,0,0,0,938,286
798,5,0,1,0,0,0,0,0,0,0,0,0,0,0,0,0,0,0,0,0,751,1118
799,5,0,0,0,0,0,0,0,0,1,0,0,0,0,0,0,0,0,0,0,3556,1118
800,5,0,0,0,0,0,0,0,0,0,0,0,1,0,0,0,0,1,0,0,261,417
801,4,0,0,0,0,0,1,0,0,0,0,0,0,0,0,0,0,0,0,0,106,560
802,3,0,1,1,0,0,0,1,0,0,0,0,0,0,0,0,0,1,0,0,938,249
803,3,0,1,0,0,0,0,0,0,1,0,0,0,0,0,0,0,0,1,0,109,54
804,4,0,0,0,0,0,1,0,0,0,0,0,0,0,0,0,0,0,0,0,293,45
805,3,0,0,0,0,0,1,0,0,0,0,0,0,0,1,0,0,0,0,0,397,15
806,3,0,1,0,0,0,0,1,0,1,0,0,0,0,0,0,0,0,0,0,1853,561
807,3,0,0,0,0,0,0,0,0,1,0,0,0,0,0,0,0,0,0,0,1857,244
808,3,0,1,0,0,0,0,0,0,1,0,0,0,0,0,0,0,0,0,0,991,563
809,3,0,1,0,0,0,0,0,0,1,0,0,0,0,1,0,0,0,0,0,62,185
810,4,0,1,0,0,0,0,0,0,0,0,0,0,0,0,0,0,0,0,0,501,334
811,3,0,0,0,0,0,0,0,1,0,0,0,0,0,0,0,0,0,0,0,3556,1118
812,4,0,0,1,0,1,0,0,0,0,0,0,0,0,0,0,0,0,0,0,1378,442
813,6,0,0,0,0,0,0,0,1,0,0,0,0,0,0,0,0,0,0,0,1869,1118
814,4,0,0,0,0,0,0,0,1,0,0,0,0,0,0,0,0,0,0,0,3556,1118
815,6,0,0,0,0,0,0,0,0,1,0,0,0,0,0,1,0,0,0,0,684,233
816,5,0,0,0,0,0,0,0,0,0,0,0,1,0,0,0,0,0,0,0,1644,1118
817,6,0,0,0,0,0,0,0,0,1,0,0,0,0,0,0,0,0,0,0,1874,1118
818,6,0,0,0,0,0,1,0,0,0,0,0,0,0,0,0,0,0,0,0,929,553
819,6,0,0,0,0,0,1,0,0,0,0,0,0,0,0,0,0,0,0,0,234,431
820,6,0,0,1,1,1,1,0,0,0,1,0,0,0,0,0,0,0,0,0,929,1118
821,6,0,0,0,0,0,1,0,0,0,0,0,0,0,0,1,0,0,0,0,1213,324
822,1,0,0,0,0,0,0,0,0,1,0,0,0,0,0,0,0,0,0,0,462,1118
823,6,0,0,0,0,0,0,1,0,0,0,1,0,0,0,0,0,1,0,0,649,267
824,6,0,0,0,0,0,1,0,0,0,0,0,0,0,0,0,0,0,0,0,196,535
825,6,0,1,0,0,0,0,0,0,0,0,0,0,0,0,0,1,1,0,0,255,1118
826,6,0,0,1,0,0,0,0,0,0,0,0,0,0,0,0,0,0,0,0,845,76
827,6,0,1,1,0,0,0,0,0,0,0,0,0,0,0,0,0,1,0,0,868,367
828,6,0,0,1,0,1,0,0,0,0,0,0,0,0,0,0,0,0,0,0,1317,1118
829,6,0,1,1,0,0,0,0,0,0,0,0,0,0,0,0,0,0,0,0,751,1118
830,6,0,1,0,0,0,0,0,0,0,0,0,0,0,1,0,0,1,0,0,1900,1118
831,6,0,1,1,0,0,0,0,0,0,0,0,0,0,0,0,1,1,0,0,204,417
832,6,0,0,0,0,1,0,0,0,1,1,0,0,0,0,0,0,0,0,0,234,548
833,6,0,1,0,0,0,0,0,0,0,0,0,0,0,0,0,0,0,0,0,149,300
834,5,0,0,0,0,0,0,0,0,0,0,0,1,0,0,0,0,1,0,0,1448,576
835,1,0,0,0,0,0,1,0,0,0,0,0,0,1,0,1,0,0,0,0,1910,577
836,1,0,0,0,0,0,1,0,0,0,0,0,0,0,0,1,0,0,0,0,1266,578
837,1,0,0,0,0,0,0,0,0,1,0,0,0,0,0,0,0,0,0,0,1482,148
838,6,0,1,0,0,0,0,0,0,0,0,0,0,0,0,0,0,0,0,0,169,1118
839,5,0,0,0,0,0,0,0,0,0,0,0,1,0,0,0,0,1,0,0,676,1118
840,6,0,1,0,0,0,0,0,0,1,0,0,0,0,0,0,0,0,0,1,24,413
841,6,0,1,0,0,0,0,0,0,0,0,0,0,0,0,0,0,1,0,0,688,1118
842,1,0,0,0,0,1,1,0,0,1,0,0,0,0,0,0,0,0,0,0,1062,326
843,1,0,0,0,0,1,1,0,0,0,0,0,0,0,0,0,0,0,0,0,1214,1118
844,6,0,0,0,0,0,0,1,0,0,0,0,0,0,0,0,0,0,0,0,686,1118
845,6,0,0,0,0,0,1,0,0,0,0,0,0,0,0,0,0,0,0,0,0,1118
846,6,0,0,0,0,0,0,0,0,1,0,0,0,0,0,1,0,0,0,0,684,1118
847,6,0,0,0,0,0,0,0,1,1,0,0,0,0,0,0,0,0,0,0,3556,1118
848,1,0,0,0,0,0,0,0,0,0,0,1,0,0,0,0,0,1,0,0,1932,587
849,2,0,1,0,0,0,0,0,0,0,0,0,0,0,0,1,0,0,0,0,390,34
850,6,0,0,0,0,0,0,0,1,0,0,0,0,0,0,0,0,0,0,0,3556,1118
851,1,0,0,0,0,0,0,0,0,1,0,0,0,0,0,0,0,0,0,0,3556,590
852,6,0,0,0,0,0,0,0,0,1,0,0,0,0,0,0,0,1,0,0,3556,1118
853,2,0,0,0,0,0,1,0,0,0,0,0,1,0,0,0,0,0,0,0,3556,132
854,1,0,0,0,0,0,1,0,0,0,0,0,1,0,0,0,0,0,0,0,3556,132
855,1,0,1,0,0,0,0,0,0,1,0,0,0,0,1,1,0,1,0,0,1578,1118
856,2,0,0,0,0,0,1,0,0,1,0,0,0,0,0,0,0,0,0,0,648,391
857,6,0,0,0,0,0,0,0,1,0,0,0,0,0,0,0,0,0,0,0,3556,1118
858,6,0,0,0,0,0,0,0,0,0,0,0,1,0,0,0,0,0,0,0,3556,1118
859,1,0,0,0,0,0,1,0,0,0,0,0,1,0,0,0,0,0,0,0,3556,1118
860,1,0,0,0,0,0,0,0,0,0,0,0,1,0,0,0,0,1,0,0,551,127
861,1,0,0,0,0,0,0,0,0,0,0,0,1,0,0,0,0,0,0,0,163,1118
862,6,0,0,1,0,1,1,0,0,0,0,0,0,0,0,0,0,0,0,0,306,303
863,6,0,0,0,0,0,0,0,0,1,0,0,0,0,0,0,0,0,0,0,1973,1118
864,6,0,0,0,0,0,1,0,0,0,0,0,0,0,0,0,0,0,0,0,338,304
865,7,0,0,0,0,0,0,0,0,1,0,0,0,0,0,0,0,0,0,0,486,47
866,6,0,0,0,0,0,1,0,0,0,0,0,0,0,0,1,0,0,0,0,15,87
867,6,0,0,0,0,0,0,0,0,1,0,0,0,0,0,0,0,0,0,0,569,1118
868,7,0,0,0,0,0,0,0,0,1,0,0,0,0,0,0,0,0,0,0,3556,1118
869,7,0,0,0,0,0,1,0,0,0,0,0,0,0,0,1,0,0,0,0,1001,605
870,7,0,0,0,0,0,0,0,0,0,0,0,0,0,0,1,0,0,0,0,685,482
871,7,0,0,0,0,0,1,0,0,0,0,0,0,0,0,0,0,0,0,0,910,1118
872,7,0,0,0,0,0,0,0,0,0,0,0,0,0,0,1,0,0,0,0,1853,1118
873,7,0,0,0,0,0,1,0,0,0,0,0,0,0,0,1,0,0,0,0,106,608
874,7,0,0,0,0,0,0,0,0,1,0,0,0,0,0,0,0,0,0,0,660,240
875,7,0,0,0,0,0,0,0,0,1,0,0,0,0,0,1,0,0,0,0,15,158
876,7,0,1,0,0,0,1,0,0,0,0,0,0,0,0,0,0,0,0,0,255,609
877,7,0,0,1,0,0,0,0,0,0,0,0,0,0,0,1,0,0,0,0,685,424
878,7,0,0,0,0,1,1,0,0,0,0,0,0,0,1,0,0,0,0,0,1792,279
879,7,0,1,0,0,0,0,0,0,0,0,0,0,0,0,0,0,1,1,0,111,1118
880,7,0,0,0,0,0,0,0,0,1,0,0,0,0,0,0,0,0,0,0,1730,1118
881,7,0,1,0,0,0,1,0,0,0,0,0,0,0,0,0,0,0,0,0,255,609
882,7,0,0,0,0,0,0,0,0,1,0,0,0,0,0,0,0,0,0,0,162,430
883,7,0,0,0,0,0,0,0,0,1,0,0,0,0,0,0,0,0,0,0,106,612
884,7,0,0,0,0,0,0,0,1,0,0,0,0,0,0,0,0,0,0,0,3556,391
885,8,0,0,0,0,0,0,0,0,0,0,0,1,0,0,0,0,0,0,0,1050,576
886,7,0,0,0,0,0,0,0,0,0,0,0,0,0,0,1,0,1,0,0,235,368
887,7,0,0,0,0,0,0,0,0,1,0,0,0,0,0,0,0,0,0,0,196,1118
888,7,0,0,0,0,0,0,0,0,1,0,0,0,0,0,0,0,0,0,0,145,232
889,7,0,0,0,0,0,0,0,0,0,0,0,0,0,0,1,0,0,0,0,3556,614
890,7,0,1,1,0,0,0,0,0,0,0,0,0,0,0,0,0,0,0,0,2013,1118
891,7,0,0,0,0,0,0,0,0,1,0,0,0,0,0,0,0,0,1,0,2016,1118
892,7,0,0,0,0,1,1,0,0,0,1,0,0,0,0,0,0,0,0,0,94,299
893,7,0,0,0,0,0,1,0,0,0,0,0,0,0,0,0,0,0,0,0,1,296
894,7,0,0,0,0,1,1,0,0,0,0,0,0,0,0,0,0,0,0,0,2023,1118
895,7,0,0,0,0,0,0,0,0,0,0,0,1,0,0,0,0,1,0,0,982,196
896,7,0,0,0,0,0,0,0,0,1,0,0,0,0,0,0,0,0,0,0,734,48
897,5,0,1,1,0,0,0,0,0,0,0,0,0,0,0,0,1,0,0,0,3556,1118
898,7,0,0,0,0,0,0,0,0,1,0,0,0,0,0,0,0,0,0,0,310,96
899,7,0,0,0,0,0,0,0,0,1,0,0,0,0,0,0,0,0,0,0,266,1118
900,7,0,0,0,0,0,0,0,0,1,0,0,0,0,0,0,0,0,0,0,3556,26
901,7,0,0,0,0,0,1,0,0,0,0,0,0,0,0,0,0,0,0,0,992,27
902,7,0,0,0,0,0,1,1,0,0,0,0,0,0,1,0,0,1,0,0,254,79
903,7,0,0,0,0,0,0,0,0,1,0,0,0,0,0,1,0,0,0,0,649,620
904,7,0,0,0,0,0,1,0,0,1,0,0,0,0,0,0,0,0,0,0,2044,1118
905,8,0,0,0,0,0,0,0,0,1,0,0,0,0,0,1,0,0,0,0,797,622
906,7,0,0,0,0,0,0,0,0,1,0,0,0,0,0,1,0,0,0,0,142,497
907,7,0,0,0,0,0,1,0,0,0,0,0,0,0,0,0,0,0,0,0,3556,1118
908,8,0,0,0,0,0,1,0,0,0,0,0,0,0,0,0,0,0,0,0,2053,43
909,8,0,0,0,0,0,0,0,0,1,0,0,0,0,0,0,0,0,0,0,2055,1118
910,8,0,0,0,0,0,0,0,0,1,0,0,0,0,0,0,0,0,0,0,3556,1118
911,8,0,0,0,0,0,0,1,0,1,0,0,0,0,0,0,0,0,0,0,12,626
912,8,0,1,0,0,0,0,0,0,0,0,0,0,0,0,0,0,1,0,0,943,1118
913,8,0,0,0,0,0,1,0,0,0,0,0,0,0,0,0,0,0,0,0,555,1118
914,8,0,0,0,0,0,0,1,0,1,0,0,0,0,1,0,0,1,0,0,106,629
915,8,0,0,0,0,0,0,0,0,1,0,0,0,0,0,0,0,0,0,0,15,28
916,8,0,1,0,0,0,0,0,0,0,0,0,0,0,0,0,1,1,0,0,192,160
917,8,0,1,0,0,0,0,0,0,1,0,0,0,0,0,0,0,1,0,0,24,495
918,8,0,0,0,0,0,0,0,0,0,0,0,0,0,0,1,0,0,0,0,178,537
919,5,0,0,1,0,0,0,0,0,0,0,0,0,0,0,0,1,0,0,0,3556,1118
920,5,0,0,0,0,0,0,0,0,1,0,0,0,0,0,0,0,0,0,0,245,170
921,3,0,0,0,0,0,0,0,0,1,0,0,0,0,0,1,0,0,0,0,20,630
922,6,0,0,0,0,0,0,0,0,0,0,0,0,0,0,0,0,0,0,1,173,391
923,2,0,0,0,0,0,0,0,0,1,0,0,0,0,0,0,0,0,0,0,20,8
924,6,0,0,1,0,0,0,0,0,1,0,0,0,0,0,0,0,0,0,0,655,88
925,6,0,0,0,0,0,0,0,0,0,0,0,0,0,0,0,1,1,0,0,352,362
926,6,0,0,0,0,0,1,0,0,0,0,0,0,0,0,0,0,0,0,0,1811,563
927,6,0,0,0,0,0,0,0,0,1,0,0,0,0,0,0,0,0,0,0,2082,631
928,6,0,0,0,0,0,0,0,0,1,0,0,1,0,0,0,0,0,0,0,806,520
929,6,0,0,0,0,1,1,0,0,0,0,0,0,0,0,0,0,0,0,0,990,1118
930,6,0,1,1,0,0,0,0,0,0,0,0,0,0,0,0,0,1,0,0,267,77
931,6,0,0,0,0,0,0,0,0,0,0,0,0,0,0,0,1,1,0,0,108,473
932,6,0,0,0,0,1,1,0,0,0,0,0,0,0,0,0,0,0,0,0,973,1118
933,6,0,0,0,0,0,0,0,0,1,0,0,0,0,0,0,0,0,0,0,685,420
934,6,0,0,0,0,0,0,0,0,1,0,0,0,0,0,0,0,0,0,0,116,635
935,7,0,0,0,0,0,0,0,0,1,0,0,0,0,0,0,0,0,1,0,674,636
936,7,0,0,0,0,0,1,0,0,1,0,0,0,0,0,1,0,0,0,0,735,1118
937,7,0,0,0,0,0,0,0,0,1,0,0,0,0,0,0,0,0,0,0,684,638
938,7,0,0,0,0,0,1,0,0,0,0,0,0,0,0,1,0,0,0,0,729,1118
939,5,0,0,0,0,0,0,0,0,1,0,0,0,0,0,0,0,1,0,0,293,1118
940,4,0,0,0,0,0,1,0,0,0,0,0,0,0,0,0,0,0,0,0,321,122
941,4,0,0,0,0,0,1,0,0,1,0,0,0,0,0,0,0,0,0,0,300,641
942,3,0,0,0,0,0,0,0,0,1,0,0,0,0,0,0,0,0,0,0,751,509
943,4,0,0,0,0,0,0,0,0,0,0,0,0,0,0,0,0,1,0,0,1677,1118
944,4,0,0,0,0,0,1,0,0,1,0,0,0,0,0,0,0,0,1,0,14,635
945,1,0,0,0,0,0,1,0,0,0,0,0,0,0,1,1,0,1,0,0,1206,502
946,1,0,0,0,1,1,0,0,0,0,0,0,0,0,0,0,0,0,0,0,204,643
947,1,0,0,1,0,0,0,0,0,0,0,0,0,0,0,1,0,0,0,0,191,56
948,7,0,0,0,0,0,1,0,0,0,0,0,0,0,0,1,0,0,0,0,2000,646
949,5,0,0,0,0,0,0,0,0,1,0,0,0,0,0,1,0,0,0,0,648,638
950,5,0,0,0,0,0,0,0,0,1,0,0,0,0,0,0,0,0,0,0,162,1118
951,5,0,0,1,0,1,0,0,0,0,1,0,0,0,0,0,0,0,0,0,769,251
952,5,0,0,0,0,0,1,0,0,0,0,0,0,0,0,0,0,0,0,0,62,358
953,5,0,0,0,0,0,1,0,0,1,0,0,0,0,0,0,0,0,0,0,228,1118
954,5,0,0,0,0,0,0,0,1,0,0,0,0,0,0,0,0,0,0,0,3556,1118
955,5,0,0,0,0,0,0,0,0,1,0,0,0,0,0,1,0,0,0,0,587,651
956,4,0,0,0,0,0,0,0,0,1,0,0,0,0,0,0,0,0,0,0,24,626
957,2,0,0,0,0,0,1,0,0,0,0,0,0,0,0,0,0,0,0,0,165,47
958,4,0,0,0,0,0,0,0,0,1,0,0,0,0,0,0,0,0,0,0,20,8
959,3,0,0,0,0,0,1,0,0,0,0,0,0,0,0,0,0,0,0,0,747,651
960,3,0,0,0,0,0,0,0,0,1,0,0,0,0,0,0,0,0,0,0,785,240
961,3,0,0,0,0,0,0,0,0,1,0,0,0,0,0,0,0,0,0,0,845,614
962,3,0,0,0,0,0,0,0,0,1,0,0,0,0,0,0,0,0,0,0,875,248
963,3,0,0,0,0,0,0,0,0,1,0,0,0,0,0,0,0,1,0,0,668,1118
964,5,0,0,0,0,0,1,0,0,1,0,0,0,0,0,0,0,0,0,0,195,501
965,1,0,0,0,0,0,1,0,0,0,0,0,0,1,0,0,0,0,0,0,408,502
966,1,0,0,0,0,0,0,0,0,0,0,0,0,0,0,1,0,0,0,0,1206,333
967,1,0,0,0,0,0,0,0,0,1,0,0,0,0,0,0,0,0,0,0,3556,653
968,1,0,0,0,0,0,0,0,0,0,0,0,0,1,0,0,0,0,0,0,1639,1118
969,1,0,0,0,1,1,0,0,0,0,0,0,0,0,0,0,0,0,0,0,329,114
970,2,0,0,0,0,0,1,0,0,0,0,0,0,0,0,0,0,0,0,0,1015,655
971,2,0,0,0,0,0,1,0,0,0,0,0,0,0,0,0,0,0,1,0,3556,1118
972,2,0,0,0,0,0,0,0,0,1,0,0,0,0,0,0,0,0,0,0,143,133
973,6,0,0,0,0,0,0,0,1,0,0,0,0,0,0,0,0,0,0,0,3556,1118
974,6,0,0,0,0,0,0,0,0,1,0,0,0,0,0,0,0,1,0,0,686,127
975,6,0,0,0,0,0,0,0,0,0,0,0,0,0,0,0,0,1,0,0,896,170
976,6,0,1,0,0,0,0,0,0,0,0,0,0,0,0,0,1,1,0,0,212,1118
977,6,0,1,0,0,0,0,0,0,0,0,0,0,0,0,0,0,0,0,0,494,1118
978,6,0,0,0,0,0,0,0,0,0,0,0,0,0,1,0,0,1,0,0,501,1118
979,6,0,0,0,0,0,0,0,0,1,0,0,0,0,0,0,0,1,0,0,782,1118
980,6,0,0,0,0,0,0,0,0,1,0,0,0,0,0,0,0,0,0,0,649,1118
981,6,0,0,0,0,0,0,0,0,1,0,0,0,0,0,0,0,0,0,0,2173,356
982,6,0,1,1,0,0,0,0,0,0,0,0,0,0,0,0,0,1,0,0,938,1118
983,6,0,0,0,0,0,0,0,0,0,0,0,0,0,0,0,0,1,0,0,991,1118
984,7,0,0,0,0,0,0,0,0,0,0,0,0,0,0,0,0,1,0,0,255,366
985,6,0,0,0,0,0,0,0,0,1,0,0,0,0,0,0,0,0,0,0,600,1118
986,7,0,0,0,0,0,0,0,0,0,0,0,0,0,0,0,0,1,0,0,352,1118
987,7,0,0,0,0,0,0,0,0,0,0,0,0,0,0,0,0,1,0,0,272,1118
988,7,0,0,0,0,0,1,0,0,0,0,0,0,0,0,1,0,0,0,0,941,668
989,7,0,0,0,1,1,0,0,0,0,0,0,0,1,0,0,0,0,0,0,1372,1118
990,7,0,0,0,0,0,0,0,0,1,0,0,0,0,0,1,0,0,0,0,1376,480
991,7,0,0,0,0,0,0,1,0,0,0,0,0,0,0,0,0,0,0,0,1677,1118
992,7,0,0,0,0,0,1,0,0,0,0,0,0,0,0,0,0,1,0,0,62,1118
993,7,0,0,1,1,1,1,0,0,0,0,0,0,1,0,0,0,0,0,0,1601,93
994,7,0,0,0,0,0,0,0,0,1,0,0,0,0,0,0,0,0,0,0,267,1118
995,7,0,0,0,0,0,1,0,0,0,0,0,0,0,0,0,0,0,0,0,2196,1118
996,5,0,0,0,0,1,1,0,0,0,0,0,0,0,0,0,0,0,0,0,2197,1118
997,5,0,0,0,0,0,1,0,0,0,0,0,0,0,0,0,0,0,0,0,569,189
998,4,0,0,0,0,0,1,0,0,0,0,0,0,0,0,0,0,0,0,0,607,1118
999,4,0,0,0,0,0,1,0,0,0,0,0,0,0,0,0,0,0,0,0,233,486
1000,4,0,0,0,0,0,1,0,0,0,0,0,0,0,0,0,0,0,0,1,696,76
1001,6,0,0,0,0,0,1,0,0,0,0,0,0,0,0,0,0,0,0,0,996,183
1002,7,0,0,0,0,0,1,0,0,0,0,0,0,0,0,0,0,0,0,0,147,1118
1003,7,0,0,0,0,1,1,0,0,0,0,0,0,0,1,0,0,0,0,0,1792,279
1004,3,0,0,0,0,0,0,0,0,1,0,0,0,0,0,0,0,0,0,1,12,413
1005,2,0,0,0,0,0,0,0,0,1,0,0,0,0,0,0,0,0,0,0,933,1118
1006,2,0,0,0,0,0,0,0,0,1,0,0,0,0,0,0,1,0,0,0,1172,386
1007,7,0,0,0,0,0,1,0,0,0,0,0,0,0,0,0,0,0,0,0,887,1118
1008,6,0,0,0,0,0,0,0,0,1,0,0,0,0,0,0,0,0,0,0,1789,1118
1009,6,0,0,0,0,0,0,0,0,1,0,0,0,0,0,0,0,0,0,0,232,680
1010,6,0,0,0,0,0,0,0,0,1,0,0,0,0,0,0,0,0,0,0,1826,1118
1011,6,0,0,0,0,0,0,1,0,0,0,0,0,0,0,0,0,0,0,0,675,1118
1012,7,0,0,0,0,0,1,0,0,1,0,0,0,0,0,0,0,0,0,0,3556,311
1013,7,0,1,1,0,0,0,0,0,0,0,0,0,0,0,0,0,1,0,0,1677,683
1014,7,0,0,0,0,0,1,0,0,0,0,0,0,0,0,0,0,0,0,0,47,1118
1015,7,0,0,0,0,1,0,0,0,1,0,0,0,0,0,0,0,0,0,0,1195,1118
1016,7,0,1,1,0,0,0,0,0,0,0,0,0,0,0,0,0,1,0,0,369,1118
1017,6,0,0,0,0,0,0,0,0,1,0,0,0,0,0,0,0,0,0,0,321,1118
1018,2,0,0,0,0,0,0,0,0,1,0,0,0,0,0,0,0,0,0,0,9,631
1019,1,0,1,0,0,0,0,0,0,0,0,0,0,0,0,0,0,1,0,0,1754,249
1020,1,0,0,0,0,0,0,0,0,0,0,0,0,0,1,0,0,1,0,0,1220,141
1021,1,0,0,0,0,0,0,0,0,1,0,0,0,0,0,0,0,0,0,0,1258,1118
1022,7,0,0,0,0,0,0,0,1,0,0,0,0,0,0,0,0,0,0,0,3556,464
1023,7,0,0,0,0,0,1,0,0,0,0,0,0,0,0,0,0,0,0,0,94,515
1024,7,0,0,0,0,0,0,0,0,0,0,0,0,0,0,1,0,0,0,0,1814,21
1025,7,0,1,0,0,0,0,0,0,1,0,0,0,0,0,0,0,1,0,0,688,1118
1026,7,0,0,0,0,0,1,0,0,1,0,0,0,0,0,0,0,0,0,0,634,1118
1027,5,0,1,0,0,0,0,0,0,0,0,0,0,0,0,0,0,0,0,0,3556,1118
1028,5,0,0,0,0,0,1,0,0,0,0,0,0,0,0,1,0,0,0,0,500,691
1029,5,0,0,0,0,0,1,0,0,0,0,0,0,0,0,0,0,0,0,0,767,1118
1030,3,0,0,0,0,0,1,0,0,0,0,0,0,0,0,0,0,0,0,0,690,292
1031,4,0,0,1,0,1,0,0,0,0,0,0,0,0,0,0,0,0,0,0,1001,1118
1032,4,0,0,0,0,1,1,0,0,0,0,0,0,0,0,0,0,0,0,0,2095,1118
1033,6,0,0,1,0,1,0,0,0,0,0,0,0,0,0,0,0,0,0,0,380,1118
1034,6,0,1,1,0,0,0,0,0,0,0,0,0,0,0,0,0,0,0,0,938,1118
1035,3,0,0,0,0,0,1,0,0,0,0,0,0,0,0,0,0,0,0,0,324,62
1036,2,0,0,0,0,0,1,0,0,0,1,0,0,0,0,0,0,0,0,0,954,1118
1037,1,0,0,0,0,0,1,0,0,0,0,0,0,1,0,1,0,0,0,0,684,1118
1038,7,0,0,0,0,0,0,0,0,0,0,0,0,0,0,0,0,1,0,0,582,1118
1039,7,0,0,0,0,0,0,0,0,1,0,0,0,0,0,0,0,0,0,0,265,82
1040,6,0,0,0,0,0,1,0,0,0,0,0,0,0,0,1,0,0,0,0,138,1118
1041,5,0,0,0,0,0,1,0,0,0,0,0,0,0,0,1,0,0,0,0,277,1118
1042,5,0,0,0,0,0,0,0,0,0,0,0,0,0,1,0,0,1,0,0,368,1118
1043,5,0,0,0,0,0,1,0,0,0,0,0,0,0,0,0,0,0,0,0,611,1118
1044,4,0,0,0,0,0,1,0,0,1,0,0,0,0,0,0,0,0,0,0,390,31
1045,3,0,0,0,0,0,0,0,0,1,0,0,0,0,0,0,0,0,0,0,655,187
1046,3,0,0,0,0,0,0,0,0,0,0,0,0,0,0,0,0,1,0,0,501,495
1047,6,0,0,0,0,0,1,0,0,0,0,0,0,0,0,0,0,0,0,0,228,189
1048,6,0,0,0,0,0,1,0,0,0,0,0,0,0,0,1,0,0,0,0,1990,29
1049,6,0,0,0,0,0,1,0,0,0,0,0,0,0,0,0,0,0,0,0,485,1118
1050,1,0,0,0,0,0,0,0,0,1,0,0,0,0,0,1,0,0,0,0,1499,445
1051,6,0,0,0,0,0,1,0,0,0,0,0,0,0,0,0,0,0,0,0,234,554
1052,5,0,0,0,0,0,1,0,0,0,0,0,1,0,0,0,0,0,0,0,992,193
1053,5,0,0,0,0,0,0,0,0,1,0,0,0,0,0,0,0,0,0,0,158,1118
1054,6,0,0,0,0,0,1,0,0,0,0,0,0,0,0,0,0,0,0,0,215,706
1055,4,0,0,0,0,0,0,0,0,1,0,0,0,0,0,0,0,0,0,0,43,707
1056,2,0,0,0,0,0,0,0,0,0,0,0,1,0,0,0,0,0,0,0,2283,227
1057,6,0,0,0,0,0,1,0,0,0,0,0,0,0,0,0,0,0,0,0,797,1118
1058,4,0,0,1,0,0,0,0,0,1,0,0,0,0,0,0,0,0,0,0,310,236
1059,6,0,0,0,0,0,1,0,0,0,0,0,0,0,0,0,0,0,0,0,2290,1118
1060,6,0,0,1,0,1,0,0,0,0,0,0,0,0,0,0,0,0,0,0,2292,423
1061,6,0,0,0,0,0,1,0,0,1,0,0,0,0,0,0,0,0,0,0,64,1118
1062,8,0,0,0,0,0,0,0,0,1,0,0,0,0,0,0,0,0,0,0,502,711
1063,5,0,0,0,0,1,0,0,0,1,0,0,0,0,0,0,0,0,0,0,472,622
1064,1,0,0,0,0,0,0,1,0,0,0,1,0,0,0,0,0,0,0,0,2300,587
1065,1,0,0,0,0,0,0,0,1,0,0,0,0,0,0,0,0,0,1,0,3556,1118
1066,5,0,0,0,1,1,0,0,0,0,0,0,0,0,0,0,0,0,0,0,106,1118
1067,6,0,0,0,0,0,1,0,0,0,0,0,0,0,0,0,0,0,0,0,3556,1118
1068,6,0,0,0,0,0,0,0,0,1,0,0,0,0,0,0,0,0,0,0,3556,174
1069,4,0,0,0,0,0,0,1,0,1,0,0,0,0,0,0,0,1,0,0,2312,715
1070,5,0,0,0,0,0,1,0,0,0,0,0,0,0,0,0,0,0,0,0,321,1118
1071,5,0,0,0,0,0,1,0,0,0,0,0,0,0,0,0,0,0,0,0,887,1118
1072,5,0,0,0,0,0,1,0,0,0,0,0,0,0,0,1,0,0,0,0,147,1118
1073,4,0,0,0,0,0,0,0,0,0,0,0,0,0,0,0,0,1,0,0,737,368
1074,4,0,0,0,0,0,1,0,0,1,0,0,0,0,0,0,0,0,0,0,648,131
1075,4,0,0,0,0,0,0,0,0,1,0,0,0,0,0,0,0,0,0,0,1297,1118
1076,4,0,1,1,1,1,0,0,0,0,1,0,0,0,0,0,0,0,0,0,611,529
1077,4,0,0,0,0,0,0,0,0,0,0,0,0,0,0,0,0,1,0,0,697,1118
1078,1,0,0,0,1,1,0,0,0,0,0,0,0,0,0,0,0,0,0,0,121,1118
1079,6,0,0,0,0,0,1,0,0,0,0,0,0,1,0,0,0,0,0,0,1613,1118
1080,6,0,0,0,0,0,1,0,0,0,0,0,0,0,0,0,0,0,0,0,3556,1118
1081,6,0,0,0,0,0,0,1,0,0,0,0,0,0,0,0,0,0,0,0,1772,1118
1082,7,0,0,0,0,0,0,0,0,1,0,0,0,0,0,0,0,0,0,0,2331,1118
1083,7,0,0,0,0,0,0,1,0,0,0,0,0,0,0,0,0,1,0,0,827,1118
1084,6,0,0,0,0,0,0,0,1,0,0,0,0,0,0,0,0,0,0,0,265,1118
1085,6,0,0,0,0,0,0,0,0,1,0,0,0,0,0,1,0,0,0,0,294,711
1086,6,0,0,0,0,0,0,0,0,1,0,0,0,0,0,0,0,0,0,0,1900,350
1087,6,0,1,0,0,0,0,0,0,0,0,0,0,0,0,0,0,0,0,0,3556,1118
1088,7,0,1,0,0,0,0,0,0,0,0,0,0,0,0,0,0,0,0,0,938,1118
1089,7,0,1,0,0,0,0,0,0,0,0,0,0,0,0,1,0,1,0,0,138,128
1090,3,0,0,0,0,0,0,0,0,0,0,0,0,0,0,0,0,1,0,0,340,418
1091,1,0,0,1,1,1,0,0,0,0,0,0,0,1,0,0,0,0,0,0,2108,1118
1092,6,0,0,0,0,0,1,0,0,0,0,0,0,0,0,0,0,0,0,0,780,513
1093,6,0,0,0,0,0,1,0,0,0,0,0,0,0,0,0,0,0,0,0,1717,1118
1094,6,0,0,0,0,0,1,0,0,0,0,0,0,0,0,0,0,0,0,0,2006,1118
1095,6,0,0,0,0,0,1,0,0,0,0,0,0,0,0,0,0,0,0,0,767,1118
1096,7,0,0,0,0,0,0,0,0,0,0,0,0,0,0,1,0,0,0,0,182,1118
1097,6,0,0,0,0,0,0,0,0,1,0,0,0,0,0,0,0,0,0,0,2349,735
1098,6,0,0,0,0,0,1,0,0,0,0,0,0,0,0,0,0,0,0,0,176,736
1099,4,0,0,0,0,0,0,0,0,1,0,0,0,0,0,0,0,0,0,0,3556,1118
1100,4,0,0,0,0,0,1,0,0,1,0,0,0,0,0,1,0,0,0,0,2355,737
1101,3,0,0,0,0,0,0,0,0,1,0,0,0,0,1,0,0,0,0,0,159,51
1102,6,0,0,0,0,0,1,0,0,0,0,0,0,0,0,1,0,0,0,0,9,1118
1103,2,0,0,0,0,0,1,0,0,1,0,0,0,0,0,0,0,0,0,0,2312,715
1104,2,0,0,0,0,0,1,1,0,1,0,0,0,0,0,0,0,0,0,0,3556,1118
1105,8,0,1,1,0,0,0,0,0,0,0,0,0,0,0,0,0,1,0,0,1363,1118
1106,8,0,0,0,0,0,0,1,0,1,0,0,0,0,0,0,0,0,0,0,747,651
1107,5,0,0,0,0,0,0,0,0,1,0,0,0,0,0,0,0,0,0,0,176,1118
1108,5,0,0,0,0,0,0,0,0,1,0,0,0,0,0,0,0,0,0,0,558,1118
1109,4,0,0,0,0,0,0,0,0,1,0,0,0,0,0,0,0,1,0,0,16,471
1110,5,0,1,0,0,0,1,0,0,0,0,0,0,1,0,0,1,0,0,0,250,1118
1111,6,0,0,0,0,0,0,0,0,1,0,0,0,0,0,0,0,0,0,0,3556,1118
1112,4,0,0,0,0,0,0,0,0,1,0,0,0,0,0,0,0,0,0,0,109,239
1113,4,0,0,0,0,0,0,0,0,1,0,0,0,0,0,0,0,0,0,0,162,620
1114,6,0,0,0,0,0,1,0,0,0,0,0,0,0,0,0,0,0,0,0,44,1118
1115,6,0,0,0,0,0,1,0,0,1,0,0,0,0,0,1,0,0,0,0,639,1118
1116,1,0,0,1,0,0,0,0,0,0,0,0,0,0,0,0,0,0,0,0,1238,1118
1117,6,0,0,0,0,0,0,0,0,1,0,0,0,0,0,0,0,0,0,0,181,85
1118,1,0,0,0,0,0,1,0,0,0,0,0,0,0,0,0,0,0,0,0,3556,1118
1119,1,0,0,0,0,0,0,0,0,1,0,0,0,0,0,1,0,0,0,0,1677,691
1120,6,0,0,0,0,0,1,0,0,0,0,0,0,0,0,0,0,0,0,0,179,1118
1121,6,0,0,0,0,0,0,0,0,1,0,0,0,1,0,0,0,0,0,0,112,1118
1122,1,0,0,0,0,0,0,1,0,1,0,0,0,0,0,0,0,0,0,0,430,1118
1123,1,0,0,0,0,0,0,0,0,1,0,0,0,0,0,0,0,0,0,0,1258,381
1124,1,0,0,0,0,0,0,0,0,0,0,0,0,0,0,1,0,0,1,0,1482,1118
1125,1,0,0,0,0,0,0,0,0,0,0,0,0,0,0,0,0,1,0,0,2146,1118
1126,1,0,0,1,0,0,0,0,0,1,0,0,0,0,0,0,0,0,0,0,1506,389
1127,8,0,0,0,0,0,0,0,0,1,0,0,0,0,0,0,0,0,0,0,110,187
1128,6,0,0,0,0,0,0,0,1,0,0,0,0,0,0,0,0,0,0,0,3556,1118
1129,6,0,0,0,0,0,0,0,0,1,0,0,0,0,1,1,0,0,0,0,2406,1118
1130,6,0,0,0,0,0,0,0,1,0,0,0,0,0,0,0,0,0,0,0,3556,1118
1131,5,0,0,0,0,0,0,0,0,0,0,0,0,0,0,0,0,1,0,0,254,1118
1132,6,0,0,0,0,0,0,0,0,1,0,0,0,0,0,1,0,0,0,0,267,1118
1133,1,0,0,1,0,1,0,0,0,0,1,0,0,0,0,0,0,0,0,0,1448,1118
1134,6,0,0,0,0,0,0,0,0,1,0,0,0,0,0,0,0,0,0,0,1170,553
1135,2,0,0,0,0,0,0,0,0,1,0,0,0,1,0,0,0,0,0,0,108,54
1136,6,0,0,0,0,0,0,0,0,1,0,0,0,0,0,0,0,0,0,0,234,178
1137,6,0,0,0,0,0,0,0,0,1,0,0,0,0,0,1,0,0,0,0,3556,1118
1138,7,0,1,0,0,0,1,1,0,1,0,0,0,0,0,0,0,0,0,0,943,43
1139,5,0,1,0,0,0,0,1,0,0,0,0,0,0,0,0,0,1,0,0,1201,254
1140,4,0,0,0,0,0,1,0,0,0,0,0,0,0,0,0,0,0,0,0,181,194
1141,3,0,0,0,0,0,0,0,1,0,0,0,0,0,0,0,0,0,0,0,3556,1118
1142,7,0,0,0,0,0,0,0,1,0,0,0,0,0,0,0,0,0,0,0,3556,1118
1143,7,0,0,0,0,0,0,1,0,0,0,0,0,0,0,0,0,1,0,0,196,274
1144,7,0,0,0,0,0,0,0,0,1,0,0,0,0,0,0,0,0,0,0,3556,765
1145,4,0,0,0,0,0,0,0,0,1,0,0,0,0,0,0,0,0,0,0,649,766
1146,3,0,0,0,0,0,0,0,0,1,0,0,0,0,0,0,0,0,0,0,2064,1118
1147,5,0,0,0,0,0,0,0,0,1,0,0,0,0,0,0,0,0,0,0,284,768
1148,4,0,0,0,0,0,0,0,0,1,0,0,0,0,0,0,0,0,0,0,405,1118
1149,1,0,0,0,0,0,0,0,0,1,0,0,0,0,0,0,0,0,0,0,1109,770
1150,6,0,0,0,0,0,0,0,0,1,0,0,0,0,0,0,0,0,0,0,340,636
1151,6,0,0,0,0,0,0,1,0,0,0,0,0,0,0,0,0,0,0,0,906,1118
1152,7,0,0,0,0,0,0,0,0,0,0,0,0,0,0,1,0,0,1,0,138,393
1153,3,0,0,0,0,0,0,0,0,1,0,0,0,1,0,0,0,0,0,0,1481,254
1154,1,0,0,0,0,0,0,0,0,0,0,0,0,0,0,0,1,0,0,0,2442,590
1155,6,0,0,0,0,0,1,0,0,0,0,0,0,0,0,1,0,0,0,0,3556,773
1156,6,0,0,0,0,0,0,1,0,1,0,0,0,0,0,0,0,0,0,0,2406,1118
1157,7,0,0,0,0,0,0,0,0,0,0,0,1,0,0,0,0,0,0,0,144,286
1158,6,0,0,0,0,0,0,0,0,1,0,0,0,0,0,0,0,0,0,0,2453,1118
1159,1,0,0,0,0,0,0,0,0,0,0,0,0,0,1,0,1,0,0,0,3556,1118
1160,7,0,0,0,0,0,0,0,0,1,0,0,0,0,0,1,0,0,0,0,1473,1118
1161,6,0,1,0,0,0,0,0,0,1,0,0,0,0,0,0,0,0,0,0,1363,1118
1162,6,0,0,0,0,0,1,0,0,0,0,0,0,0,0,0,0,0,0,0,3556,1118
1163,6,0,0,0,0,0,0,0,0,1,0,0,0,0,0,0,0,0,0,0,956,428
1164,7,0,0,0,0,1,0,0,0,0,0,0,0,0,0,0,0,0,0,0,2197,442
1165,6,0,0,0,0,0,1,0,0,1,0,0,0,0,0,0,0,0,0,0,996,1118
1166,3,0,0,0,0,0,1,0,0,0,0,0,0,0,0,0,0,0,0,0,172,1118
1167,4,0,0,0,0,0,1,0,0,0,0,0,0,0,0,0,0,0,0,0,828,1118
1168,3,0,0,0,0,0,0,0,0,1,0,0,0,0,0,0,0,0,0,0,267,680
1169,4,0,0,0,0,0,0,0,0,1,0,0,0,0,0,0,0,0,0,0,196,784
1170,4,0,0,0,0,0,1,0,0,1,0,0,0,0,0,0,0,0,0,0,2482,736
1171,4,0,0,0,0,0,0,0,0,1,0,0,0,0,0,0,0,0,0,0,3556,1118
1172,1,0,0,0,0,0,1,0,0,0,0,0,0,0,0,0,0,0,0,0,1247,141
1173,7,0,0,0,0,0,0,0,0,1,0,0,0,0,0,1,0,0,0,0,1860,1118
1174,6,0,0,0,0,0,0,0,0,1,0,0,0,0,0,0,0,1,0,0,284,1118
1175,7,0,0,0,0,0,0,0,0,0,0,0,0,0,0,1,0,0,0,0,3556,1118
1176,7,0,0,0,0,0,0,0,0,1,0,0,0,0,0,0,0,0,1,0,188,161
1177,6,0,0,0,0,0,1,0,0,0,0,0,0,0,0,0,0,0,0,0,1269,668
1178,4,0,0,0,0,0,1,0,0,0,0,0,0,0,0,0,0,0,0,0,1888,706
1179,5,0,0,0,0,0,1,0,0,0,0,0,0,0,0,0,0,0,0,0,2292,1118
1180,4,0,1,0,0,0,1,0,0,0,0,0,0,0,0,0,0,0,0,0,649,530
1181,4,0,1,0,0,0,1,0,0,0,0,0,0,0,0,0,0,0,0,0,1170,1118
1182,4,0,0,0,0,0,1,0,0,0,0,0,0,0,0,0,0,0,0,0,96,383
1183,4,0,1,0,0,0,1,0,0,0,0,0,0,0,0,0,0,0,0,0,188,1118
1184,4,0,0,0,0,0,0,0,1,0,0,0,0,0,0,0,0,0,0,0,3556,1118
1185,4,0,0,0,0,0,1,0,0,0,0,0,0,0,0,0,0,0,1,0,950,1118
1186,4,0,0,0,0,0,1,0,0,1,0,0,0,0,0,0,0,0,0,0,1853,1118
1187,1,0,0,0,0,0,0,1,0,0,0,0,0,0,0,0,0,0,0,0,3556,1118
1188,2,0,1,0,0,0,1,0,0,0,0,0,0,0,0,0,0,0,0,1,293,794
1189,7,0,0,0,0,0,0,0,0,1,0,0,0,0,0,0,0,0,0,0,568,50
1190,7,0,0,0,0,0,1,0,0,0,0,0,0,0,0,1,0,0,0,0,1022,425
1191,8,0,0,0,0,0,0,1,0,1,0,0,0,0,0,0,0,0,0,0,551,1118
1192,3,0,0,0,0,0,0,0,0,1,0,0,0,0,0,0,0,0,0,0,831,289
1193,4,0,0,0,0,0,0,0,0,1,0,0,0,0,0,0,0,0,0,0,660,1118
1194,4,0,0,0,0,0,0,1,0,1,0,0,0,0,0,0,0,0,0,0,2338,267
1195,3,0,0,0,0,0,0,0,0,1,0,0,0,0,0,0,0,0,0,0,2527,798
1196,2,0,0,0,0,0,0,0,0,1,0,0,0,0,0,0,0,0,0,0,2532,1118
1197,6,0,0,0,0,0,1,0,0,1,0,0,0,0,0,0,0,0,0,0,390,1118
1198,1,0,0,0,0,0,0,1,0,0,0,0,0,0,0,0,0,1,0,0,2535,1118
1199,6,0,0,0,0,0,1,0,0,0,0,0,1,0,0,0,0,0,0,0,741,1118
1200,1,0,0,0,0,1,0,0,0,1,0,0,0,0,0,0,0,0,0,0,1396,1118
1201,6,0,0,0,0,0,0,0,1,0,0,0,0,0,0,0,0,0,0,0,3556,1118
1202,6,0,0,0,0,0,1,0,0,0,0,0,0,0,0,0,0,0,0,0,2543,805
1203,1,0,0,0,0,0,1,0,0,0,0,0,0,1,0,1,0,0,0,0,1910,577
1204,1,0,0,0,0,0,1,0,0,1,0,0,0,0,0,0,0,0,1,0,1520,578
1205,6,0,0,0,0,0,0,0,0,1,0,0,0,0,0,0,0,0,0,0,464,507
1206,3,0,0,0,0,0,1,0,0,0,0,0,0,0,0,0,0,0,0,0,196,1118
1207,5,0,0,0,0,0,0,0,0,0,0,0,0,0,0,0,0,1,0,0,44,766
1208,5,0,0,0,0,0,0,1,0,1,0,0,0,0,0,0,0,1,0,0,196,265
1209,4,0,0,0,0,0,1,0,0,0,0,0,0,0,0,0,0,0,0,0,337,87
1210,5,0,0,0,0,0,0,0,0,0,0,0,0,0,0,0,1,1,0,0,116,157
1211,4,0,0,0,0,0,0,0,0,1,0,0,0,0,0,1,0,0,0,0,109,1118
1212,3,0,0,0,0,0,0,0,0,1,0,0,0,0,1,1,0,0,0,0,178,1118
1213,3,0,0,0,0,0,0,1,0,1,0,0,0,0,0,0,0,1,0,0,2177,179
1214,1,0,0,0,0,0,0,0,0,1,0,0,0,0,0,0,0,0,0,0,3556,1118
1215,6,0,1,0,0,0,0,0,0,0,0,0,0,0,0,0,1,0,0,0,3556,1118
1216,7,0,0,0,0,0,0,0,0,0,0,0,0,0,0,1,0,0,0,0,2565,1118
1217,5,0,0,0,0,0,0,0,0,0,0,0,0,0,0,0,0,1,0,0,9,70
1218,5,0,0,0,0,0,1,0,0,0,0,0,0,0,0,0,0,0,0,0,1995,812
1219,5,0,0,0,1,1,1,0,0,0,0,0,0,0,0,1,0,0,0,0,2302,1118
1220,5,0,0,0,0,0,0,0,0,1,0,0,0,0,0,0,0,0,0,0,1672,244
1221,4,0,0,0,0,0,0,0,0,1,0,0,0,0,0,0,0,0,0,0,178,1118
1222,3,0,1,0,0,0,0,0,0,0,0,0,0,0,0,0,0,0,0,0,436,160
1223,3,0,0,0,0,0,0,0,0,1,0,0,0,0,0,0,0,0,0,0,2419,504
1224,4,0,0,0,0,0,0,0,0,1,0,0,0,0,0,0,0,0,0,0,96,383
1225,5,0,0,0,0,0,1,0,0,0,0,0,0,0,0,0,0,0,0,0,161,1118
1226,7,0,0,0,0,0,0,1,0,1,0,0,0,0,0,0,0,0,0,0,825,179
1227,5,0,0,0,0,0,0,0,0,1,0,0,0,0,0,0,0,0,0,0,227,66
1228,5,0,1,0,0,0,0,0,0,0,0,0,0,0,0,0,0,0,0,0,688,794
1229,5,0,0,0,0,0,0,0,0,1,0,0,0,0,0,0,0,1,0,0,124,1118
1230,4,0,0,0,0,0,1,0,0,0,0,0,0,0,0,0,0,0,0,0,740,138
1231,2,0,1,0,0,0,0,0,0,1,0,0,0,0,0,0,0,0,0,0,688,37
1232,2,0,0,0,0,0,0,0,1,0,0,0,0,0,0,0,0,0,0,0,3556,641
1233,6,0,0,0,0,0,0,0,0,1,0,0,0,0,0,0,0,0,0,0,2522,817
1234,8,0,0,0,0,0,1,0,0,0,0,0,0,0,0,0,0,0,0,0,1048,818
1235,4,0,0,0,0,0,0,1,0,0,0,0,0,0,0,0,0,0,0,0,3556,1118
1236,7,0,0,0,0,0,0,0,0,1,0,0,0,0,0,0,0,0,0,0,3556,1118
1237,6,0,0,0,0,0,1,0,0,1,0,0,0,0,0,0,0,0,0,0,3556,1118
1238,6,0,0,0,0,0,0,0,0,1,0,0,0,0,0,0,0,0,0,0,3556,1118
1239,5,0,1,1,0,0,0,0,0,0,0,0,0,0,0,1,0,0,0,0,567,159
1240,6,0,0,0,1,0,0,0,0,0,0,0,0,0,0,0,1,0,0,0,3556,1118
1241,7,0,0,0,0,0,1,0,0,1,0,0,0,0,0,0,0,0,0,0,1432,293
1242,2,0,0,0,0,0,1,0,0,0,0,0,0,0,0,0,0,0,0,0,2610,1118
1243,8,0,0,0,0,0,0,0,0,0,0,0,1,0,0,0,0,0,0,0,3556,1118
1244,7,0,1,0,0,0,0,0,0,0,0,0,0,0,0,0,0,0,0,0,1000,1118
1245,7,0,0,0,0,0,0,1,0,0,0,0,0,0,0,0,0,0,0,0,8,1118
1246,5,0,0,0,0,0,1,0,0,0,0,0,0,0,0,0,0,0,0,0,301,1118
1247,4,0,0,0,0,0,0,0,0,0,0,0,0,0,0,0,0,0,0,1,228,1118
1248,4,0,0,0,0,0,0,0,0,0,0,0,0,0,0,0,0,1,0,0,182,452
1249,3,0,0,0,0,0,1,0,0,0,0,0,0,0,0,0,0,0,0,0,380,6
1250,5,0,1,0,0,0,0,0,0,0,0,0,0,0,0,0,0,0,0,0,1444,1118
1251,7,0,0,0,0,0,1,0,0,0,0,0,0,0,0,0,0,0,0,0,3556,1118
1252,7,0,0,0,0,0,0,0,0,1,0,0,0,0,0,0,0,0,0,0,1423,590
1253,5,0,0,0,0,0,0,0,0,0,0,0,0,0,0,0,0,1,0,0,1813,1118
1254,7,0,0,0,0,0,1,0,0,0,0,0,0,0,0,0,0,0,0,0,300,204
1255,7,0,0,0,0,0,0,0,0,1,0,0,0,0,0,0,0,0,0,0,1747,1118
1256,7,0,0,0,0,0,0,0,0,1,0,0,0,0,0,0,0,0,0,0,405,831
1257,7,0,0,0,0,0,0,0,0,1,0,0,0,0,0,0,0,0,0,0,405,831
1258,7,0,0,0,0,0,1,0,0,0,0,0,0,0,0,1,0,0,0,0,675,117
1259,6,0,0,0,0,0,1,0,0,0,0,0,0,0,0,1,0,0,0,0,700,1118
1260,5,0,0,0,0,0,0,0,0,1,0,0,0,0,0,0,0,0,0,0,213,430
1261,5,0,0,0,0,0,0,0,0,1,0,0,0,0,0,0,0,0,0,0,1297,549
1262,6,0,0,0,0,0,0,0,0,0,0,0,0,0,0,1,0,0,0,0,909,1118
1263,6,0,0,0,0,0,0,0,0,1,0,0,0,0,0,0,0,0,0,0,885,1118
1264,6,0,0,0,0,0,0,0,0,1,0,0,0,0,0,0,0,0,0,0,2651,1118
1265,7,0,0,0,0,0,0,0,0,1,0,0,0,0,0,0,0,0,0,0,3556,1118
1266,1,0,0,0,0,0,0,0,0,1,0,0,0,0,0,0,0,0,0,0,2442,1118
1267,5,0,0,0,0,0,0,0,0,1,0,0,0,0,0,0,0,0,0,0,62,553
1268,2,0,0,0,0,0,0,0,0,1,0,0,0,0,0,0,0,0,0,0,227,471
1269,1,0,0,0,0,0,1,0,0,0,0,0,0,0,0,1,0,0,0,0,408,371
1270,3,0,0,0,0,0,1,0,0,0,0,0,0,0,0,0,0,0,0,0,380,1118
1271,4,0,0,0,0,0,1,0,0,0,0,0,0,0,0,0,0,0,0,0,24,178
1272,4,0,0,0,0,0,1,0,0,1,0,0,0,0,0,0,0,0,0,0,3556,1118
1273,4,0,0,0,0,0,0,0,0,1,0,0,0,0,0,0,0,1,0,0,24,1118
1274,3,0,0,0,0,0,0,0,0,0,0,0,0,0,0,0,1,1,0,0,1039,1118
1275,4,0,0,0,0,0,0,0,0,0,0,0,0,0,0,0,0,1,0,0,217,1118
1276,6,0,0,0,0,0,0,0,0,1,0,0,0,0,0,0,0,0,0,0,1289,1118
1277,6,0,1,0,0,0,0,1,0,0,0,0,0,0,0,0,0,0,0,0,982,812
1278,7,0,0,0,0,0,0,0,0,1,0,0,0,1,0,0,0,0,0,0,878,768
1279,7,0,0,1,0,1,0,0,0,0,0,0,0,0,0,0,0,0,0,0,2292,455
1280,7,0,0,0,0,0,0,1,0,0,0,0,0,0,0,0,0,0,0,0,582,1118
1281,6,0,0,0,0,0,0,0,0,1,0,0,0,0,0,0,0,0,0,0,694,1118
1282,6,0,0,0,0,0,0,0,0,1,0,0,0,0,0,0,0,0,0,0,179,1118
1283,7,0,0,0,0,0,1,0,0,0,0,0,0,0,0,0,0,0,0,0,500,524
1284,6,0,0,0,0,0,0,0,0,1,0,0,0,0,1,0,0,0,0,0,794,265
1285,4,0,0,0,0,0,0,0,0,1,0,0,0,0,0,0,0,0,0,0,486,1118
1286,1,0,0,0,0,0,1,0,0,0,0,0,0,1,0,1,0,0,0,0,1910,577
1287,6,0,0,0,0,0,1,0,0,0,0,0,0,0,0,0,0,0,0,0,2068,1118
1288,6,0,0,0,0,0,1,0,0,0,0,0,0,0,0,0,0,0,0,0,2280,1118
1289,6,0,0,0,0,0,0,0,0,0,0,0,0,0,0,1,0,0,0,0,1024,1118
1290,4,0,0,0,0,0,0,0,0,1,0,0,0,0,0,1,0,0,0,0,261,1118
1291,6,0,0,0,0,0,1,0,0,0,0,0,0,0,0,0,0,0,0,0,338,1118
1292,7,0,0,0,0,1,0,0,0,0,1,0,0,0,0,0,0,0,0,0,711,383
1293,8,0,0,1,0,1,0,0,0,0,1,0,0,0,0,0,1,0,0,0,796,1118
1294,8,0,0,0,0,0,0,0,1,0,0,0,0,0,0,0,0,0,0,0,3556,1118
1295,7,0,0,0,0,0,1,0,0,1,0,0,0,0,0,0,0,0,0,0,1789,1118
1296,6,0,0,0,0,0,1,0,0,1,0,0,0,0,0,0,0,0,0,0,3556,1118
1297,4,0,0,0,0,0,0,0,0,1,0,0,0,0,0,1,0,0,0,0,37,608
1298,1,0,0,0,0,0,1,0,0,0,0,0,0,1,0,0,0,0,0,0,1910,444
1299,1,0,0,0,0,0,0,0,0,1,0,0,0,0,0,1,0,0,0,0,1206,448
1300,7,0,0,0,0,0,0,0,0,1,0,0,0,0,0,1,0,0,0,0,248,1118
1301,1,0,0,0,0,0,1,0,0,0,0,0,0,0,0,0,0,0,0,0,606,515
1302,7,0,0,0,0,0,1,0,0,0,0,0,0,0,0,0,0,0,0,0,3556,1118
1303,4,0,1,0,0,0,0,0,0,0,0,0,0,0,0,0,0,0,0,0,501,261
1304,6,0,1,0,0,0,0,1,0,0,0,0,0,0,0,0,0,0,0,0,3556,1118
1305,5,0,0,0,0,0,1,0,0,0,0,0,0,0,0,0,0,0,0,0,1769,120
1306,4,0,0,0,0,0,0,0,0,1,0,0,0,0,0,0,0,0,0,0,3556,1118
1307,4,0,0,0,0,0,0,0,1,0,0,0,0,0,0,0,0,0,0,0,3556,1118
1308,4,0,0,0,0,0,1,0,0,1,0,0,0,0,0,0,0,0,0,0,2331,861
1309,1,0,0,0,0,0,0,0,0,1,0,0,0,0,0,0,0,0,0,0,3556,1118
1310,1,0,0,0,0,0,0,0,0,1,0,0,0,0,0,0,0,0,0,0,1513,1118
1311,6,0,0,0,0,0,1,0,0,1,0,0,0,0,0,0,0,0,0,0,143,1118
1312,6,0,0,0,0,0,1,0,0,1,0,0,0,0,0,0,0,0,0,0,2694,1118
1313,8,0,0,0,0,0,0,0,0,0,0,1,0,0,1,0,0,1,0,0,188,463
1314,4,0,1,1,0,0,0,0,0,0,0,0,0,0,0,0,0,1,0,0,1170,300
1315,7,0,0,0,0,0,0,0,0,1,0,0,0,0,0,1,0,0,0,0,1672,512
1316,7,0,0,0,0,0,0,0,0,1,0,0,0,0,0,0,0,0,0,0,261,57
1317,6,0,0,0,0,0,0,0,0,1,0,0,0,0,0,0,0,0,0,0,932,519
1318,6,0,0,0,0,0,0,0,1,0,0,0,0,0,0,0,0,0,0,0,3556,1118
1319,6,0,0,0,0,0,0,0,0,1,0,0,0,0,0,0,0,0,0,0,462,1118
1320,6,0,0,0,0,0,0,0,0,1,0,0,0,0,0,0,0,0,0,0,2170,1118
1321,6,0,0,0,0,0,1,0,0,0,0,0,0,0,0,0,0,0,0,0,1034,1118
1322,3,0,0,0,0,0,1,0,0,0,0,0,0,0,0,0,0,0,0,0,2350,735
1323,4,0,0,0,0,0,0,0,0,1,0,0,0,0,0,0,0,0,0,0,3556,1118
1324,6,0,0,0,0,0,0,0,0,1,0,0,0,0,0,0,0,1,0,0,2055,1118
1325,6,0,0,0,0,0,0,0,0,1,0,0,0,0,0,0,0,0,0,0,181,1118
1326,6,0,0,0,0,0,0,0,0,1,0,0,0,0,0,0,0,0,0,0,648,1118
1327,4,0,0,0,0,0,0,0,0,1,0,0,0,0,0,0,0,0,0,0,8,874
1328,6,0,0,0,0,0,0,0,0,1,0,0,0,0,0,0,0,0,0,0,9,1118
1329,6,0,0,0,0,0,0,0,0,1,0,0,0,0,0,0,0,0,0,0,3556,1118
1330,4,0,0,0,0,0,0,0,0,1,0,0,0,0,0,0,0,0,0,0,75,1118
1331,5,0,0,0,0,0,0,0,1,0,0,0,0,0,0,0,0,0,0,0,3556,1118
1332,3,0,0,0,0,0,0,0,0,1,0,0,0,0,0,0,0,0,0,0,3556,1118
1333,4,0,0,0,0,0,1,0,0,1,0,0,0,0,0,0,0,0,0,0,3556,1118
1334,6,0,0,0,0,0,0,0,0,1,0,0,0,0,0,0,0,0,0,0,62,5
1335,6,0,0,0,0,0,0,0,0,1,0,0,0,0,0,0,0,0,0,0,190,1118
1336,6,0,0,0,0,1,1,0,0,0,1,0,0,0,0,0,0,0,0,0,128,560
1337,6,0,0,0,0,0,1,0,0,0,0,0,0,0,0,0,0,0,0,0,747,1118
1338,6,0,0,0,0,0,0,0,0,1,0,0,0,0,0,0,0,0,0,0,2184,770
1339,3,0,0,0,0,0,1,0,0,1,0,0,0,0,0,0,0,0,0,0,3556,1118
1340,5,0,0,0,0,0,0,0,0,0,0,0,0,0,0,1,0,0,0,0,3556,1118
1341,2,0,0,0,0,0,0,0,0,1,0,0,0,0,0,0,0,0,0,0,3556,1118
1342,6,0,0,0,0,0,0,0,0,1,0,0,0,0,0,0,0,0,0,0,956,1118
1343,5,0,0,0,0,0,0,0,0,1,0,0,0,0,0,0,0,0,0,0,3556,1118
1344,3,0,0,0,0,0,0,0,0,1,0,0,0,0,0,0,0,0,0,0,3556,1118
1345,4,0,0,0,0,0,0,0,0,1,0,0,0,0,0,0,0,0,0,0,2078,1118
1346,2,0,0,0,0,0,0,0,0,1,0,0,0,0,0,0,0,0,0,0,2810,765
1347,1,0,0,0,0,0,0,0,0,1,0,0,0,0,0,0,0,0,0,0,3556,1118
1348,2,0,0,0,0,0,0,0,0,1,0,0,0,0,0,0,0,0,0,0,1571,1118
1349,3,0,0,0,0,0,1,0,0,0,0,0,0,0,0,0,0,0,0,0,3556,1118
1350,1,0,0,0,0,0,0,0,0,1,0,0,0,0,0,0,0,0,0,0,3556,1118
1351,6,0,0,0,0,0,1,0,0,0,0,0,0,0,0,0,0,0,0,0,78,1118
1352,1,0,0,0,0,0,0,0,0,1,0,0,0,0,0,0,0,0,0,0,3556,1118
1353,4,0,0,0,0,0,0,0,0,0,0,0,0,0,0,1,0,0,0,0,3556,1118
1354,2,0,0,0,0,0,0,0,0,1,0,0,0,0,0,0,0,0,0,0,883,861
1355,6,0,0,0,0,0,0,0,0,1,0,0,0,0,0,0,0,0,0,0,231,1118
1356,6,0,0,0,0,0,1,0,0,0,0,0,0,0,0,0,0,0,0,0,3556,1118
1357,4,0,0,0,0,0,0,0,0,0,0,0,0,0,0,1,0,0,1,0,828,1118
1358,6,0,1,0,0,0,0,0,0,0,0,0,0,0,0,0,0,0,0,0,849,900
1359,6,0,0,0,0,0,0,0,0,1,0,0,0,0,0,0,0,0,0,0,3556,1118
1360,4,0,0,0,0,0,1,0,0,0,0,0,0,0,0,0,0,0,0,0,3556,1118
1361,6,0,0,0,0,0,1,0,0,0,0,0,0,0,0,0,0,0,0,0,3556,1118
1362,6,0,1,0,0,0,0,0,0,0,0,0,0,0,0,0,0,0,0,0,1303,1118
1363,6,0,0,0,0,0,0,0,1,0,0,0,0,0,0,0,0,0,0,0,1320,1118
1364,6,0,1,0,0,0,0,0,0,0,0,0,0,0,0,0,0,0,0,0,401,1118
1365,3,0,1,0,0,0,0,0,0,1,0,0,0,0,0,0,0,0,0,0,3556,1118
1366,4,0,0,0,0,0,0,0,1,1,0,0,0,0,0,0,0,0,0,0,3556,590
1367,4,0,0,0,1,0,0,0,0,0,0,0,0,0,0,0,0,0,0,0,3556,1118
1368,4,0,0,0,0,0,0,0,0,1,0,0,0,0,0,0,0,0,0,0,2532,1118
1369,1,0,0,0,0,0,0,0,0,1,0,0,0,0,0,0,0,0,0,0,3556,1118
1370,4,0,0,0,0,0,0,0,0,1,0,0,0,0,0,0,0,1,0,0,3556,817
1371,4,0,0,0,0,0,1,0,0,0,0,0,1,0,0,0,0,0,0,0,464,1118
1372,4,0,1,0,0,0,0,0,0,0,0,0,0,0,0,0,0,0,0,0,3556,1118
1373,1,1,0,0,0,0,0,0,0,0,0,0,0,0,0,0,0,0,0,0,3556,1118
1374,1,0,0,0,0,0,1,0,0,0,0,0,0,0,0,0,0,0,0,0,684,1118
1375,3,0,0,0,0,0,0,0,0,1,0,0,0,0,0,0,0,0,0,0,1737,1118
1376,7,0,0,0,0,0,1,0,0,0,0,0,0,0,0,0,0,0,0,0,375,1118
1377,7,0,0,0,0,0,1,0,0,0,0,0,0,0,0,1,0,0,0,0,1716,1118
1378,7,0,0,0,0,0,0,0,1,0,0,0,0,0,0,0,0,0,0,0,3556,1118
1379,7,0,0,0,0,0,0,0,0,0,0,0,0,0,0,1,0,0,0,0,3556,1118
1380,7,0,0,0,0,0,0,0,0,1,0,0,0,0,0,0,0,0,0,0,1481,874
1381,6,0,0,0,0,0,0,0,0,1,0,0,0,0,0,0,0,0,0,0,185,1118
1382,7,0,0,0,0,0,0,0,0,1,0,0,0,0,0,0,0,0,0,0,3556,1118
1383,7,0,0,1,0,1,0,0,0,0,0,0,0,0,0,0,0,0,0,0,451,1118
1384,7,0,0,0,0,0,0,0,0,1,0,0,0,0,0,0,0,0,0,0,3556,1118
1385,7,0,0,0,0,0,1,0,0,0,0,0,0,0,0,1,0,0,0,0,191,422
1386,7,0,0,0,0,0,0,0,0,0,0,0,0,0,0,0,1,0,0,0,2923,922
1387,7,0,0,0,0,0,0,0,0,0,0,0,0,0,0,1,0,0,0,0,1783,534
1388,7,0,0,0,0,0,0,0,0,1,0,0,0,0,0,0,0,0,0,0,3556,1118
1389,7,0,0,0,0,0,0,0,0,1,0,0,0,0,0,0,0,0,0,0,3556,1118
1390,7,0,0,0,0,0,0,1,0,0,0,0,0,0,0,0,0,0,0,0,958,1118
1391,7,0,0,0,0,0,0,0,0,1,0,0,0,0,0,0,0,0,0,0,3556,590
1392,7,0,0,0,0,0,0,0,0,1,0,0,0,0,0,0,0,0,0,0,875,1118
1393,7,0,1,0,0,0,0,0,0,0,0,0,0,0,0,0,0,1,0,0,2165,1118
1394,7,0,0,0,0,0,0,0,0,0,0,0,0,0,0,1,0,0,0,0,161,42
1395,8,0,0,0,0,0,0,0,0,1,0,0,0,0,0,0,0,0,0,0,3556,1118
1396,6,0,0,0,0,0,0,0,0,1,0,0,0,0,0,0,0,0,0,0,2053,1118
1397,1,0,0,0,0,0,0,0,0,1,0,0,0,0,0,0,0,0,0,0,1497,653
1398,6,0,0,0,0,0,0,0,0,1,0,0,0,0,0,0,0,0,0,0,3556,1118
1399,7,0,0,0,0,0,0,0,0,0,0,0,0,0,0,0,0,1,0,0,3556,1118
1400,5,0,0,0,0,0,0,0,0,1,0,0,0,0,0,1,0,0,0,0,1355,1118
1401,3,0,0,0,0,0,0,0,0,1,0,0,0,0,0,0,0,0,0,0,232,263
1402,3,0,0,0,0,0,0,0,0,1,0,0,0,0,0,0,0,0,0,0,527,1118
1403,4,0,0,0,0,0,1,0,0,1,0,0,0,0,0,0,0,0,0,0,3556,1118
1404,1,0,0,0,0,0,1,0,0,0,0,0,0,0,0,0,0,0,0,0,2381,1118
1405,7,0,0,0,0,0,0,0,0,1,0,0,0,0,0,0,0,0,0,0,3556,1118
1406,5,0,0,0,0,0,0,0,0,1,0,0,0,0,0,1,0,0,0,0,831,1118
1407,4,0,1,0,0,0,0,0,0,0,0,0,0,0,0,0,0,0,0,0,340,683
1408,5,0,0,0,0,0,1,0,0,0,0,0,0,0,0,0,0,0,0,0,3556,1118
1409,4,0,0,0,1,1,0,0,0,0,0,0,0,0,0,0,0,0,0,0,1423,643
1410,3,0,0,0,0,0,0,0,0,1,0,0,0,0,0,0,0,0,0,0,3556,1118
1411,1,0,0,1,0,0,0,0,0,0,0,0,0,0,0,0,1,0,0,0,506,937
1412,5,0,0,0,1,1,0,0,0,0,0,0,0,0,0,0,0,0,0,0,3556,1118
1413,4,0,1,0,0,0,0,0,0,0,0,0,0,0,0,0,0,0,0,0,938,1118
1414,5,0,1,0,0,0,0,0,0,0,0,0,0,0,0,0,0,0,0,0,236,1118
1415,4,0,1,0,0,1,0,0,0,0,0,0,0,0,0,0,0,0,0,0,2988,204
1416,4,0,1,0,0,0,0,0,0,0,0,0,0,0,0,0,1,0,0,0,352,1
1417,7,0,0,0,0,0,0,0,0,1,0,0,0,0,0,0,0,0,0,0,536,1118
1418,3,0,0,0,0,0,0,0,0,1,0,0,0,0,0,0,0,0,0,0,2965,358
1419,4,0,1,0,0,0,0,0,0,0,0,0,0,0,0,0,1,0,0,0,1097,1118
1420,7,0,0,0,0,0,1,0,0,0,0,0,0,0,0,0,0,0,0,0,3556,1118
1421,3,0,0,0,0,0,0,0,0,1,0,0,0,0,0,0,0,0,0,0,3556,4
1422,3,0,0,0,0,0,0,0,0,0,0,1,0,0,0,0,0,1,0,0,3556,1118
1423,5,0,0,0,0,0,0,0,0,1,0,0,0,0,0,0,0,0,1,0,1364,1118
1424,4,0,0,0,0,0,1,0,0,1,0,0,0,0,0,1,0,0,0,0,2675,1118
1425,4,0,0,0,0,0,1,0,0,1,0,0,0,0,0,0,0,0,0,0,649,256
1426,6,0,0,0,0,0,1,0,0,1,0,0,0,0,0,0,0,0,0,0,201,4
1427,6,0,0,0,0,0,0,0,0,1,0,0,0,0,0,0,0,0,0,0,783,1118
1428,7,0,0,0,0,0,1,0,0,0,0,0,0,0,0,0,0,0,0,0,2320,651
1429,8,0,0,0,0,0,0,0,0,1,0,0,0,0,0,1,0,0,0,0,797,947
1430,7,0,0,0,0,0,0,0,0,1,0,0,0,0,0,0,0,0,0,0,1752,1118
1431,7,0,0,0,0,0,0,0,0,0,0,0,0,0,0,0,0,1,0,0,2680,1118
1432,8,0,0,0,0,0,0,0,0,1,0,0,0,0,0,0,0,0,0,0,340,655
1433,7,0,1,0,0,0,0,0,0,1,0,0,0,0,0,0,0,0,0,0,3556,1118
1434,8,0,0,0,0,0,0,0,0,0,0,0,0,0,0,1,0,0,0,0,268,1118
1435,5,0,0,0,0,0,1,0,0,0,0,0,0,0,0,0,0,0,0,0,825,77
1436,3,0,0,0,0,0,0,0,0,1,0,0,0,0,0,1,0,0,0,0,589,232
1437,4,0,0,0,0,0,1,0,0,0,0,0,0,0,0,0,0,0,0,0,3556,1118
1438,5,0,0,0,0,0,0,0,0,1,0,0,0,0,0,0,0,0,0,0,1365,1118
1439,4,0,0,0,0,0,0,1,0,1,0,0,0,0,0,0,0,0,0,0,982,1118
1440,4,0,0,0,0,0,0,0,0,1,0,0,0,0,0,0,0,0,0,0,1857,646
1441,5,0,0,0,0,0,0,0,0,1,0,0,0,0,0,1,0,0,0,0,234,364
1442,5,0,0,0,0,0,0,0,0,1,0,0,0,0,0,0,0,0,0,0,390,394
1443,4,0,0,0,0,0,0,0,0,1,0,0,0,0,0,0,0,0,0,0,45,1118
1444,1,0,0,0,0,1,1,0,0,0,0,0,0,0,1,0,0,0,0,0,440,152
1445,4,0,0,0,0,0,0,0,0,1,0,0,0,0,0,0,0,0,0,0,3556,956
1446,5,0,0,0,0,0,1,0,0,0,0,0,0,0,0,0,0,0,0,0,910,222
1447,3,0,0,0,0,0,0,0,0,1,0,0,0,0,0,0,0,0,0,0,405,1118
1448,6,0,0,0,0,0,0,0,0,1,0,0,0,0,0,0,0,0,0,0,515,958
1449,6,0,0,0,0,0,0,0,0,1,0,0,0,0,0,0,0,0,0,0,3556,959
1450,1,0,0,1,0,0,0,0,0,0,0,0,0,0,0,1,0,0,0,0,1271,1118
1451,1,0,0,0,0,0,0,0,0,0,0,0,0,0,0,0,0,1,0,0,1499,182
1452,1,0,0,0,0,0,1,0,0,0,0,0,0,0,1,0,0,0,0,0,1914,1118
1453,1,0,0,0,0,0,0,1,0,1,0,0,0,0,0,0,0,0,0,0,430,1118
1454,1,0,0,0,0,0,0,0,0,0,0,0,0,0,0,0,0,0,0,1,1598,1118
1455,1,0,0,0,0,0,0,0,0,0,0,0,0,0,0,0,0,0,0,1,418,378
1456,1,0,0,0,0,0,1,0,0,1,0,0,0,0,0,0,0,0,0,0,1219,373
1457,6,0,0,0,0,0,1,0,0,1,0,0,0,0,0,0,0,0,0,0,1053,1118
1458,1,0,0,0,0,0,1,0,0,0,0,0,0,1,0,1,0,0,0,0,1910,448
1459,6,0,0,0,0,0,0,0,0,0,0,0,0,1,0,0,0,0,0,0,3556,1118
1460,6,0,0,0,0,0,1,0,0,1,0,0,0,0,0,0,0,0,0,0,3556,1118
1461,1,0,0,0,0,0,1,0,0,0,0,0,0,0,0,0,0,0,0,0,1016,1118
1462,6,0,0,0,0,0,0,1,0,1,0,0,0,0,0,1,0,0,0,0,515,958
1463,7,0,0,0,0,0,1,0,0,0,0,0,0,0,0,0,0,0,0,0,3556,1118
1464,5,0,0,0,0,0,0,0,0,1,0,0,0,0,0,0,0,0,0,0,390,1118
1465,5,0,0,0,0,0,1,0,0,1,0,0,0,0,0,0,0,0,0,0,2726,861
1466,5,0,0,0,0,0,0,0,0,1,0,0,0,0,0,0,0,0,0,0,639,1118
1467,3,0,0,0,0,0,0,0,0,1,0,0,0,0,0,0,0,0,0,0,827,1118
1468,5,0,0,0,0,0,0,0,0,1,0,0,0,0,0,0,0,0,0,0,849,900
1469,5,0,0,1,0,1,0,0,0,0,0,0,0,0,0,0,0,0,0,0,849,1118
1470,5,0,0,0,1,1,0,0,0,0,0,0,0,0,0,0,0,0,0,0,3556,1118
1471,5,0,0,0,0,0,0,0,0,0,0,0,0,0,0,0,0,1,0,0,263,157
1472,6,0,0,0,0,0,1,0,0,0,0,0,0,0,0,0,1,0,0,0,191,1118
1473,1,0,0,0,0,1,0,0,0,1,0,0,0,0,0,0,0,0,0,0,3556,1118
1474,4,0,0,0,0,0,1,0,0,0,0,0,0,0,0,1,0,0,0,0,1693,1118
1475,3,0,0,0,0,0,1,0,0,1,0,0,0,0,0,0,0,0,0,0,3556,1118
1476,1,0,0,0,0,0,0,0,0,0,0,1,0,0,0,0,0,0,0,0,3119,981
1477,7,0,0,0,0,0,0,0,0,0,0,0,1,0,0,0,0,1,0,0,3556,1118
1478,5,0,1,0,0,0,0,1,0,1,0,0,0,0,0,0,0,0,0,0,1853,562
1479,5,0,0,0,0,0,1,0,0,0,0,0,0,0,0,0,0,0,0,0,1682,1118
1480,1,0,0,1,0,1,1,0,0,0,0,0,0,0,0,0,0,0,0,0,2396,152
1481,4,0,0,0,0,0,0,0,0,1,0,0,0,0,0,0,0,0,0,0,3556,1118
1482,6,0,0,0,0,0,0,0,1,0,0,0,0,0,0,0,0,0,0,0,3556,1118
1483,8,0,1,0,0,0,0,0,0,1,0,0,0,0,0,1,0,0,0,0,464,1118
1484,4,0,1,0,0,0,1,0,0,0,0,0,0,0,0,0,0,0,0,0,502,1118
1485,4,0,0,0,0,0,0,0,0,1,0,0,0,0,0,1,0,0,1,0,464,1118
1486,5,0,0,0,0,0,0,0,0,1,0,0,0,0,0,0,0,0,0,0,690,1118
1487,3,0,0,0,0,0,1,0,0,0,0,0,0,0,0,1,0,0,0,0,195,231
1488,3,0,0,0,0,0,0,0,0,1,0,0,0,0,0,0,0,0,0,0,464,172
1489,4,0,0,0,0,0,1,0,0,0,0,0,0,0,0,0,0,0,0,0,690,1118
1490,3,0,0,0,0,0,1,0,0,0,0,0,0,0,0,0,0,0,0,0,3556,1118
1491,5,0,1,0,0,0,0,0,0,1,0,0,0,0,0,0,0,1,0,0,3556,1118
1492,4,0,0,0,0,0,1,0,0,0,0,0,0,0,0,0,0,0,0,0,3556,1118
1493,6,0,0,0,0,0,0,0,0,0,0,0,0,0,0,1,0,0,0,0,433,1118
1494,6,0,0,0,0,0,1,0,0,0,0,0,0,0,0,0,0,0,0,0,1306,1118
1495,6,0,0,0,0,0,0,0,0,1,0,0,0,0,0,0,0,0,0,0,2312,715
1496,6,0,0,0,0,0,1,1,0,0,0,0,0,0,0,0,0,0,0,0,996,1118
1497,6,0,0,0,0,0,0,0,1,0,0,0,0,0,0,0,0,0,0,0,3556,1118
1498,7,0,0,0,0,0,1,0,0,0,0,0,0,0,0,0,0,0,0,0,3556,1118
1499,4,0,0,0,0,0,1,0,0,0,0,0,0,0,0,0,0,0,0,0,51,1118
1500,6,0,0,0,0,0,1,0,0,0,0,0,0,0,0,0,0,0,0,0,847,342
1501,7,0,0,0,0,0,0,0,0,0,0,0,0,0,0,0,0,0,1,0,1757,1118
1502,4,0,0,0,0,0,1,0,0,0,0,0,0,0,0,1,0,0,0,0,1677,1118
1503,5,0,0,1,0,1,0,0,0,0,0,0,0,0,0,0,0,0,0,0,1792,1118
1504,6,0,0,0,0,0,1,0,0,0,0,0,0,0,0,0,0,0,0,0,2543,805
1505,6,0,0,0,0,0,0,1,0,1,0,0,0,0,0,0,0,0,0,0,1601,1118
1506,6,0,0,0,0,0,0,0,0,1,0,0,0,0,0,0,0,0,0,0,517,1118
1507,6,0,0,0,0,0,1,0,0,0,0,0,0,0,0,0,0,0,0,0,2584,1118
1508,5,0,0,0,0,0,0,0,0,1,0,0,0,0,0,0,0,1,0,0,668,612
1509,4,0,0,0,0,0,1,0,0,0,0,0,0,0,0,0,0,0,0,0,299,691
1510,6,0,0,0,0,0,0,1,0,0,0,0,0,0,0,0,0,0,0,0,54,1118
1511,7,0,0,0,0,0,1,0,0,0,0,0,0,0,0,0,0,0,0,0,261,1118
1512,6,0,0,0,0,0,0,0,0,1,0,0,0,0,0,0,0,0,0,0,3556,959
1513,7,0,0,0,0,0,1,0,0,0,0,0,0,0,0,0,0,0,0,0,1406,306
1514,7,0,0,0,0,0,0,0,0,1,0,0,0,0,0,0,0,0,0,0,807,1118
1515,5,0,0,1,0,0,0,0,0,0,0,0,0,0,0,1,0,0,0,0,108,492
1516,4,0,0,0,0,0,0,0,0,1,0,0,0,0,0,0,0,0,0,0,2550,12
1517,6,0,0,0,0,0,0,0,0,1,0,0,0,0,0,0,0,0,0,0,991,1118
1518,5,0,0,0,0,0,0,0,0,1,0,0,0,0,0,0,0,0,0,0,991,1118
1519,5,0,0,0,0,0,0,1,0,1,0,0,0,0,0,0,0,0,0,0,3556,1118
1520,5,0,0,0,0,0,0,0,0,0,0,0,1,0,0,0,0,0,0,0,3188,1010
1521,3,0,0,0,0,0,1,0,0,0,0,0,0,0,0,1,0,0,0,0,827,241
1522,4,0,0,0,0,0,0,0,0,0,0,0,0,0,0,0,0,1,0,0,1172,1118
1523,4,0,1,1,0,0,0,0,0,0,0,0,0,0,0,0,0,0,0,0,368,636
1524,6,0,0,0,0,0,0,0,0,1,0,0,0,0,0,0,0,0,0,0,1577,1118
1525,8,0,0,0,0,0,1,0,0,0,0,0,0,0,0,1,0,0,0,0,1990,53
1526,1,0,0,0,0,0,0,0,0,1,0,0,0,0,0,1,0,1,0,0,252,187
1527,8,0,0,0,0,0,1,0,0,0,0,0,0,0,0,0,0,0,0,0,2290,292
1528,7,0,0,0,0,0,0,0,0,1,0,0,0,0,0,0,0,0,0,0,122,36
1529,6,0,0,0,0,0,0,0,0,0,0,0,0,0,0,0,0,0,1,0,2820,1118
1530,5,0,0,0,0,0,0,0,0,1,0,0,0,0,0,0,0,0,0,0,649,85
1531,5,0,0,1,0,1,0,0,0,0,0,0,0,0,0,0,0,0,0,0,732,1118
1532,4,0,0,0,0,0,0,0,0,1,0,0,0,0,0,0,0,0,0,0,1784,1118
1533,3,0,0,0,0,0,0,0,0,1,0,0,0,0,0,0,0,0,0,0,2584,1016
1534,7,0,0,0,0,0,1,1,0,0,0,0,0,0,0,0,0,0,0,0,3556,1118
1535,4,0,0,0,0,0,0,0,0,1,0,0,0,0,0,0,0,0,0,0,517,1018
1536,6,0,0,0,0,0,0,0,0,1,0,0,0,0,0,0,0,0,0,0,3556,1118
1537,7,0,0,0,0,0,1,0,0,0,0,0,0,0,0,0,0,0,0,0,983,525
1538,7,0,0,0,0,0,0,0,0,1,0,0,0,0,0,0,0,0,0,0,3556,1118
1539,3,0,0,0,0,0,0,0,0,1,0,0,0,0,0,0,0,0,0,0,94,388
1540,5,0,0,1,0,1,0,0,0,0,0,0,0,0,0,0,0,0,0,0,2177,204
1541,4,0,0,0,0,0,0,0,0,1,0,0,0,0,0,0,0,0,0,0,1379,1118
1542,1,0,0,0,0,0,0,0,0,1,0,0,0,0,0,0,0,0,0,0,3556,1118
1543,6,0,0,0,0,0,0,0,0,1,0,0,0,0,0,0,0,0,0,0,807,1118
1544,5,0,0,0,0,0,1,0,0,0,0,0,0,0,0,0,0,0,0,0,1408,605
1545,5,0,0,0,0,0,0,0,0,1,0,0,0,0,0,1,0,0,0,0,827,1118
1546,1,0,0,0,0,0,0,0,0,1,0,0,0,0,0,0,0,0,0,0,3556,1118
1547,5,0,0,0,0,0,0,0,1,0,0,0,0,0,0,0,0,0,0,0,3556,1118
1548,5,0,1,0,0,0,0,0,0,0,0,0,0,0,0,0,0,1,0,0,3188,1010
1549,5,0,0,0,0,0,0,0,0,0,0,0,0,0,0,0,0,1,0,0,169,1118
1550,5,0,0,0,0,0,1,0,0,0,0,0,0,0,0,0,0,0,0,0,980,1118
1551,4,0,0,0,0,0,0,0,0,1,0,0,0,0,0,0,0,0,0,0,250,1118
1552,5,0,1,0,0,0,0,0,0,0,0,0,0,0,0,0,0,0,0,0,1097,1118
1553,5,0,0,0,0,0,0,0,0,0,0,0,0,0,1,0,0,1,0,0,216,504
1554,4,0,0,0,0,0,0,0,0,1,0,0,0,0,0,0,0,0,0,0,393,1118
1555,3,0,0,1,0,1,0,0,0,0,0,0,0,0,0,0,0,0,0,0,3556,1118
1556,5,0,1,0,0,0,0,0,0,1,0,0,0,0,0,0,0,1,0,0,1347,1032
1557,6,0,0,0,0,0,1,0,0,1,0,0,0,0,0,0,0,0,0,0,3556,1118
1558,6,0,0,0,0,0,0,0,0,1,0,0,0,0,0,0,0,0,0,0,3556,959
1559,4,0,1,0,0,0,0,0,0,1,0,0,0,0,0,0,0,1,0,0,767,1118
1560,1,0,0,0,0,0,0,1,0,0,0,0,0,0,0,0,0,0,0,0,51,1118
1561,4,0,0,0,0,0,0,0,1,1,0,0,0,0,0,0,0,0,0,0,3556,1032
1562,3,0,0,0,0,0,0,0,1,0,0,0,0,0,0,0,0,0,0,0,870,1018
1563,4,0,0,0,0,0,0,0,0,0,0,0,0,0,0,1,0,0,0,0,3556,1118
1564,2,0,0,0,0,0,0,0,0,1,0,0,0,0,0,0,0,0,0,0,3556,1118
1565,2,0,0,0,0,0,0,0,0,1,0,0,0,0,0,0,0,0,0,0,71,1118
1566,1,0,0,0,0,0,0,0,0,1,0,0,0,0,0,0,0,0,0,0,1253,1118
1567,2,0,0,0,0,0,1,0,0,0,0,0,0,0,0,0,0,0,0,0,3556,1118
1568,2,0,0,0,0,0,1,0,0,0,0,0,0,0,0,1,0,0,0,0,3556,1118
1569,1,0,0,0,0,0,1,0,0,1,0,0,0,0,0,0,0,0,0,0,3556,1118
1570,2,0,0,0,0,0,1,0,0,0,0,0,0,0,0,0,0,0,0,0,3556,1118
1571,1,0,0,0,0,0,0,0,0,1,0,0,0,0,0,0,0,0,0,0,3556,1118
1572,1,0,0,0,0,0,0,0,0,1,0,0,0,0,0,0,0,0,0,0,3556,1118
1573,1,0,0,0,0,0,0,0,0,0,0,0,1,0,0,0,0,0,0,0,506,937
1574,5,0,0,0,0,0,0,0,0,0,0,0,0,0,0,0,0,0,1,0,384,1118
1575,2,0,0,0,0,0,0,0,0,1,0,0,0,0,0,0,0,0,0,0,1973,1016
1576,1,0,0,0,0,0,0,0,0,0,1,0,0,0,0,0,0,0,0,0,3556,1118
1577,1,0,0,0,0,0,0,0,0,1,0,0,0,0,0,0,0,0,0,0,114,33
1578,1,0,0,0,0,0,0,0,0,1,0,0,0,0,0,0,0,0,0,0,3335,773
1579,1,0,0,0,0,0,0,0,0,0,0,0,0,0,0,0,0,1,0,0,9,1118
1580,1,0,0,0,0,0,0,0,0,0,0,0,0,0,0,1,0,0,0,0,3556,1118
1581,1,0,0,0,0,0,0,0,0,0,0,0,0,0,1,0,0,0,0,0,2300,1118
1582,1,0,0,0,0,0,0,0,0,0,0,1,0,0,0,0,0,0,0,0,3119,981
1583,1,0,0,0,0,0,0,0,0,1,0,0,0,0,0,0,0,0,0,0,3556,1118
1584,1,0,0,0,0,0,0,0,0,1,0,0,0,0,0,0,0,0,0,0,3556,1118
1585,2,0,0,0,0,0,0,0,1,0,0,0,0,0,0,0,0,0,0,0,3556,1118
1586,2,0,1,0,0,0,0,1,0,1,0,0,0,0,0,0,0,0,0,0,1114,341
1587,1,0,0,0,0,0,0,0,0,0,0,0,0,0,0,0,0,0,0,1,1550,1118
1588,7,0,0,0,0,0,1,0,0,1,0,0,0,0,0,0,0,0,0,0,3556,1118
1589,7,0,0,0,0,0,1,0,0,0,0,0,0,0,0,0,0,0,0,0,3556,504
1590,7,0,0,0,0,0,0,0,0,1,0,0,0,0,0,0,0,0,0,0,3556,1118
1591,8,0,0,0,0,0,0,0,0,1,0,0,0,0,0,0,0,0,0,0,3556,1118
1592,8,0,0,0,0,0,0,0,0,1,0,0,0,0,0,0,0,0,0,0,3556,1118
1593,6,0,0,0,0,0,1,0,0,0,0,0,0,0,0,0,0,0,0,0,261,1118
1594,8,0,0,0,0,0,0,0,1,0,0,0,0,0,0,0,0,0,0,0,3556,1118
1595,6,0,1,0,0,0,0,0,0,0,0,0,0,0,0,0,0,1,0,0,2317,223
1596,5,0,1,0,0,0,0,0,0,0,0,0,0,0,0,0,1,1,0,0,3556,1118
1597,2,0,1,0,0,0,0,0,0,1,0,0,0,0,0,0,0,0,0,0,828,1118
1598,7,0,0,0,0,0,0,1,0,0,0,0,0,0,0,0,0,1,0,0,62,501
1599,6,0,0,0,0,0,0,0,0,1,0,0,0,0,0,0,0,0,0,0,2820,1118
1600,7,0,0,0,0,0,1,0,0,0,0,0,0,0,0,0,0,0,0,0,2529,798
1601,7,0,0,0,0,0,0,0,0,0,0,0,0,0,0,0,0,1,0,0,248,1118
1602,8,0,0,0,0,0,0,0,0,1,0,0,0,0,0,0,0,0,0,0,697,784
1603,6,0,0,0,0,0,0,0,0,1,0,0,0,0,0,0,0,0,0,0,2642,1118
1604,1,0,0,0,0,0,0,1,0,0,0,1,0,0,0,0,0,1,0,0,3556,981
1605,7,0,0,0,0,0,1,0,0,0,0,0,0,0,0,0,0,0,0,0,3556,1118
1606,7,0,0,0,0,0,0,1,0,0,0,0,0,0,0,0,0,0,0,0,3556,1118
1607,8,0,0,0,0,0,0,0,0,1,0,0,0,0,0,0,0,0,0,0,3556,1118
1608,7,0,0,1,0,1,0,0,0,1,0,0,0,0,0,0,0,0,0,0,13,305
1609,7,0,0,0,0,0,1,0,0,0,0,0,0,0,0,0,0,0,0,0,991,1118
1610,7,0,1,0,0,0,0,1,0,0,0,0,0,0,0,1,0,0,0,0,686,1118
1611,7,0,0,0,0,0,1,0,0,0,0,0,0,0,0,0,0,0,0,0,3181,1118
1612,8,0,0,0,0,0,0,0,0,0,0,0,0,0,0,1,0,0,0,0,2619,519
1613,8,0,1,0,0,0,0,0,0,1,0,0,0,0,0,0,0,0,0,0,2923,922
1614,1,0,0,0,0,0,1,0,0,1,0,0,0,0,0,0,0,0,0,0,1224,444
1615,7,0,1,1,0,1,0,0,0,0,1,0,0,0,0,0,0,0,0,0,85,1118
1616,5,0,0,0,0,0,0,0,0,1,0,0,0,0,0,0,0,0,0,0,475,1118
1617,7,0,0,0,0,0,0,0,0,0,0,0,0,0,0,1,0,0,0,0,3556,1118
1618,2,0,1,0,0,0,0,1,0,0,0,0,0,0,0,0,0,0,0,0,685,420
1619,6,0,0,0,0,0,0,0,0,1,0,0,0,0,0,0,0,0,0,0,3556,1118
1620,7,0,0,0,0,0,1,0,0,0,0,0,0,0,0,0,0,0,0,0,2290,297
1621,6,0,0,0,0,0,0,0,0,0,0,0,0,0,0,0,0,1,0,0,288,161
1622,3,0,0,0,0,0,1,0,0,0,0,0,0,0,0,0,0,0,0,0,2565,1118
1623,6,0,0,0,0,0,0,0,0,1,0,0,0,0,0,0,0,0,0,0,2311,1018
1624,8,0,0,0,0,0,0,0,0,0,0,0,0,0,0,0,0,1,0,0,797,1118
1625,7,0,0,0,0,0,0,0,0,0,0,0,1,0,0,0,0,1,0,0,3556,1118
1626,6,0,0,0,0,0,1,0,0,1,0,0,0,0,0,0,0,0,0,0,3556,1118
1627,6,0,0,0,0,0,1,0,0,1,0,0,0,0,0,0,0,0,0,0,2355,737
1628,4,0,0,0,0,0,0,0,0,1,0,0,0,0,0,0,0,0,0,0,1383,1118
1629,5,0,0,0,0,0,0,0,1,0,0,0,0,0,0,0,0,0,0,0,3556,1118
1630,6,0,0,0,0,0,0,0,0,1,0,0,0,0,0,0,0,0,0,0,3556,1118
1631,3,0,0,0,0,0,1,0,0,1,0,0,0,0,0,0,0,0,0,0,659,1118
1632,6,0,0,0,0,0,0,0,0,0,0,0,0,0,0,0,0,0,1,0,1481,956
1633,6,0,0,0,0,0,1,0,0,1,0,0,0,0,0,0,0,0,0,0,1789,1118
1634,6,0,0,0,0,0,0,0,0,1,0,0,0,0,0,0,0,0,0,0,2651,1118
1635,1,0,0,0,0,0,0,0,0,1,0,0,0,0,0,0,0,0,0,0,3556,1118
1636,6,0,0,0,0,0,0,0,0,1,0,0,0,0,0,0,0,0,0,0,3556,1118
1637,6,0,0,0,0,0,0,0,0,1,0,0,0,0,0,0,0,0,0,0,1789,1118
1638,6,0,0,0,0,0,0,1,0,1,0,0,0,0,0,0,0,0,0,0,875,629
1639,6,0,0,0,0,0,0,0,0,1,0,0,0,0,0,0,0,0,0,0,3556,1118
1640,6,0,0,0,0,0,0,0,0,1,0,0,0,0,0,0,0,0,0,0,515,1118
1641,6,0,0,0,0,0,0,0,1,0,0,0,0,0,0,0,0,0,0,0,3556,1118
1642,6,0,0,0,0,0,0,0,0,1,0,0,0,0,0,0,0,0,0,0,185,1118
1643,7,0,0,0,0,0,0,0,0,1,0,0,0,0,0,0,0,0,0,0,342,1118
1644,7,0,0,0,0,0,1,0,0,0,0,0,0,0,0,0,0,0,0,0,2357,1118
1645,8,0,0,0,0,0,0,0,0,1,0,0,0,0,0,0,0,0,0,0,3556,1118
1646,8,0,1,0,0,0,0,0,0,1,0,0,0,0,0,0,0,0,0,0,2283,133
1647,8,0,0,0,0,0,1,1,0,1,0,0,0,0,0,0,0,0,0,0,3556,1118
1648,8,0,0,0,0,0,0,0,0,1,0,0,0,0,0,0,0,0,0,0,2177,1118
1649,8,0,0,0,0,0,1,0,1,0,0,0,0,0,0,0,0,0,0,0,3556,510
1650,8,0,0,0,0,0,0,0,0,1,0,0,0,0,0,0,0,0,0,0,3556,1118
1651,8,0,0,0,0,0,0,0,0,1,0,0,0,0,0,0,0,1,0,0,337,1118
1652,7,0,0,0,0,0,0,0,0,0,0,0,0,0,0,1,0,0,0,0,20,630
1653,6,0,0,0,0,0,0,0,0,1,0,0,0,0,0,0,0,0,0,0,551,1118
1654,8,0,0,0,0,0,1,0,0,0,0,0,0,0,0,0,0,0,0,0,1048,818
1655,4,0,0,0,0,0,1,0,0,0,0,0,0,0,0,1,0,0,0,0,26,554
1656,8,0,0,0,0,0,1,0,0,0,0,0,0,0,0,1,0,0,0,0,246,1118
1657,6,0,1,0,0,0,0,0,0,1,0,0,0,0,0,0,0,0,0,0,3556,1118
1658,6,0,0,0,0,0,0,0,0,1,0,0,0,0,0,0,0,0,0,0,3556,1118
1659,6,0,0,0,0,0,1,0,0,0,0,0,0,0,0,0,0,0,0,0,338,1118
1660,6,0,0,0,0,0,0,0,0,1,0,0,0,0,0,0,0,0,0,0,3556,707
1661,4,0,0,0,0,0,0,0,0,1,0,0,0,0,0,0,0,0,0,0,273,1118
1662,7,0,0,0,0,0,0,0,0,1,0,0,0,0,0,1,0,0,0,0,908,1118
1663,7,0,0,0,0,0,0,0,0,1,0,0,0,0,0,0,0,0,1,0,1481,1118
1664,7,0,0,0,0,0,1,0,0,0,0,0,0,0,0,0,0,0,0,0,300,1118
1665,7,0,0,0,0,0,0,0,0,1,0,0,0,0,0,0,0,0,0,0,2040,1118
1666,7,0,0,0,0,0,0,0,0,1,0,0,0,0,0,0,0,0,0,0,3556,1118
1667,7,0,0,0,0,0,0,0,0,1,0,0,0,0,0,0,0,0,0,0,3556,1118
1668,7,0,0,0,0,0,1,0,0,0,0,0,0,0,0,0,0,0,0,0,3009,1118
1669,7,0,0,0,0,0,0,1,0,1,0,0,0,0,1,0,0,0,0,0,1679,1118
1670,8,0,0,0,0,0,1,0,0,0,0,0,0,0,0,0,0,1,0,0,3556,1118
1671,8,0,0,0,0,0,0,0,0,1,0,0,0,0,0,0,0,0,0,0,1376,1118
1672,3,0,0,0,0,0,0,0,0,1,0,0,0,0,0,0,0,0,0,0,923,631
1673,5,0,1,0,0,0,0,0,0,0,0,0,0,0,0,0,0,1,0,0,284,1118
1674,1,0,0,0,0,0,0,0,0,1,0,0,0,0,0,0,0,0,0,0,3556,1118
1675,6,0,0,0,0,0,0,0,0,1,0,0,0,0,0,0,0,0,0,0,188,390
1676,6,0,0,0,0,0,0,0,0,1,0,0,0,0,0,0,0,0,0,0,161,1118
1677,6,0,0,0,0,0,0,0,0,1,0,0,0,0,0,0,0,0,0,0,47,1118
1678,8,0,0,0,0,0,0,0,0,1,0,0,0,0,0,0,0,0,0,0,3556,1118
1679,8,0,0,0,0,0,0,0,0,0,0,0,0,0,0,1,0,1,0,0,741,17
1680,8,0,0,0,0,0,0,0,0,1,0,0,0,0,0,1,0,0,0,0,797,947
1681,4,0,0,0,0,0,1,0,0,0,0,0,0,0,0,0,0,0,0,0,3556,89
1682,6,0,0,0,0,0,0,0,0,1,0,0,0,0,0,0,0,0,0,0,3556,1118
